Item Purchased,Purchase Amount (USD),Date Purchase,Review Rating,Payment Method,Total Amount,Purchase Category,Total Amount Category
Tank Top,2102.0,2023-03-23,4.1,Cash,4204.0,Low,High
Leggings,3126.0,2023-03-15,3.2,Cash,6252.0,Medium,High
Wallet,3003.0,2022-11-27,4.7,Cash,6006.0,Medium,High
Onesie,2914.0,2022-12-11,4.5,Credit Card,5828.0,Low,High
Trousers,2419.0,2022-11-10,4.6,Cash,4838.0,Low,High
Jeans,4771.0,2023-05-19,4.1,Cash,9542.0,High,High
Slippers,2356.0,2023-03-19,4.8,Credit Card,4712.0,Low,High
Bowtie,4418.0,2022-11-21,3.4,Cash,8836.0,High,High
Trench Coat,2130.0,2023-01-29,4.8,Cash,4260.0,Low,High
Gloves,2895.0,2023-07-17,3.6,Credit Card,5790.0,Low,High
Slippers,4069.0,2023-06-18,4.9,Credit Card,8138.0,High,High
Gloves,4298.0,2023-04-05,4.2,Cash,8596.0,High,High
Jeans,2814.0,2023-02-11,4.4,Credit Card,5628.0,Low,High
Flip-Flops,4932.0,2022-12-20,4.0,Credit Card,9864.0,High,High
Shorts,4872.0,2023-08-25,3.8,Cash,9744.0,High,High
Poncho,2902.0,2023-08-04,4.9,Cash,5804.0,Low,High
Boots,3139.0,2023-01-26,3.4,Credit Card,6278.0,Medium,High
Flip-Flops,2026.0,2023-04-16,4.0,Cash,4052.0,Low,High
Hoodie,2653.0,2022-10-11,4.2,Credit Card,5306.0,Low,High
Sweater,4859.0,2022-12-19,5.0,Cash,9718.0,High,High
Swimsuit,3393.0,2023-02-28,4.3,Cash,6786.0,Medium,High
Pants,3378.0,2023-05-06,3.6,Cash,6756.0,Medium,High
Dress,164.0,2022-10-20,3.2,Credit Card,328.0,Low,High
Boots,21.0,2023-04-03,3.9,Cash,42.0,Low,Low
Camisole,147.0,2022-11-04,4.7,Cash,294.0,Low,High
Bowtie,30.0,2022-11-23,4.1,Cash,60.0,Low,Low
Poncho,170.0,2022-10-15,3.6,Credit Card,340.0,Low,High
Blouse,190.0,2023-01-14,3.0,Cash,380.0,Low,High
Leggings,84.0,2023-06-15,3.8,Cash,168.0,Low,Low
Tie,63.0,2023-02-13,4.3,Cash,126.0,Low,Low
Backpack,189.0,2023-08-31,4.9,Cash,378.0,Low,High
Cardigan,175.0,2023-06-05,3.6,Credit Card,350.0,Low,High
Trousers,173.0,2023-09-07,3.4,Credit Card,346.0,Low,High
Trousers,66.0,2022-11-02,4.5,Cash,132.0,Low,Low
Sweater,64.0,2023-03-13,3.2,Credit Card,128.0,Low,Low
Boots,90.0,2023-01-26,4.6,Credit Card,180.0,Low,Low
Umbrella,137.0,2023-06-30,4.6,Cash,274.0,Low,High
Tank Top,174.0,2022-10-10,3.4,Cash,348.0,Low,High
Loafers,147.0,2023-03-02,3.9,Credit Card,294.0,Low,High
Leggings,66.0,2023-06-16,3.7,Cash,132.0,Low,Low
Hat,45.0,2023-03-17,4.8,Cash,90.0,Low,Low
Bowtie,33.0,2023-09-28,3.3,Credit Card,66.0,Low,Low
Handbag,38.0,2023-05-25,3.1,Cash,76.0,Low,Low
Sweater,151.0,2023-07-17,3.2,Cash,302.0,Low,High
Scarf,147.0,2023-02-11,4.1,Credit Card,294.0,Low,High
Blouse,174.0,2023-04-21,3.4,Cash,348.0,Low,High
Hoodie,85.0,2023-09-17,3.3,Cash,170.0,Low,Low
Overalls,148.0,2023-05-19,4.1,Credit Card,296.0,Low,High
Blazer,145.0,2023-05-03,4.5,Credit Card,290.0,Low,High
Coat,163.0,2023-05-09,3.5,Credit Card,326.0,Low,High
Camisole,14.0,2023-02-07,3.5,Cash,28.0,Low,Low
Belt,71.0,2023-05-18,4.4,Credit Card,142.0,Low,Low
Blazer,146.0,2023-01-15,3.7,Credit Card,292.0,Low,High
Sunglasses,150.0,2023-06-03,3.4,Credit Card,300.0,Low,High
Handbag,165.0,2023-09-28,3.0,Credit Card,330.0,Low,High
Sneakers,196.0,2023-03-24,4.3,Credit Card,392.0,Low,High
Onesie,192.0,2023-01-16,3.6,Credit Card,384.0,Low,High
Swimsuit,122.0,2023-04-25,4.2,Credit Card,244.0,Low,High
Coat,96.0,2023-09-21,3.5,Credit Card,192.0,Low,Low
Bowtie,160.0,2023-04-03,4.6,Cash,320.0,Low,High
Trench Coat,25.0,2022-12-05,4.2,Cash,50.0,Low,Low
Flip-Flops,18.0,2023-01-21,4.1,Credit Card,36.0,Low,Low
Poncho,28.0,2023-06-29,3.3,Credit Card,56.0,Low,Low
Hoodie,118.0,2022-10-17,4.4,Cash,236.0,Low,High
Camisole,58.0,2023-01-29,4.0,Cash,116.0,Low,Low
Sandals,81.0,2022-10-31,4.5,Credit Card,162.0,Low,Low
Overalls,150.0,2023-03-22,4.7,Cash,300.0,Low,High
Cardigan,33.0,2023-02-11,4.3,Credit Card,66.0,Low,Low
Pajamas,70.0,2022-10-05,3.2,Credit Card,140.0,Low,Low
Blouse,126.0,2022-12-15,3.5,Credit Card,252.0,Low,High
Romper,188.0,2023-06-01,4.6,Credit Card,376.0,Low,High
Camisole,138.0,2023-05-09,4.7,Cash,276.0,Low,High
Vest,27.0,2023-01-08,4.6,Credit Card,54.0,Low,Low
Tie,182.0,2023-09-16,3.5,Cash,364.0,Low,High
Pajamas,20.0,2023-05-20,4.3,Cash,40.0,Low,Low
Backpack,76.0,2023-06-15,4.7,Cash,152.0,Low,Low
Jacket,77.0,2023-05-27,3.4,Credit Card,154.0,Low,Low
Tie,181.0,2023-06-14,3.6,Credit Card,362.0,Low,High
Shorts,28.0,2023-03-24,3.4,Cash,56.0,Low,Low
Coat,28.0,2022-12-22,4.6,Credit Card,56.0,Low,Low
Socks,139.0,2023-05-13,4.4,Credit Card,278.0,Low,High
Sandals,50.0,2023-09-27,4.3,Cash,100.0,Low,Low
Jumpsuit,149.0,2022-10-16,5.0,Cash,298.0,Low,High
Tunic,166.0,2023-02-02,3.1,Credit Card,332.0,Low,High
Camisole,177.0,2023-06-28,3.5,Cash,354.0,Low,High
Handbag,37.0,2023-01-17,5.0,Cash,74.0,Low,Low
Tank Top,49.0,2023-04-26,4.7,Credit Card,98.0,Low,Low
Tank Top,97.0,2023-05-23,4.4,Cash,194.0,Low,Low
Backpack,139.0,2023-01-02,4.8,Cash,278.0,Low,High
Pajamas,23.0,2022-11-01,4.2,Credit Card,46.0,Low,Low
Boots,43.0,2023-08-27,3.9,Cash,86.0,Low,Low
Onesie,77.0,2022-12-16,4.3,Cash,154.0,Low,Low
Swimsuit,190.0,2022-11-23,4.4,Credit Card,380.0,Low,High
Umbrella,186.0,2023-05-27,3.9,Cash,372.0,Low,High
Wallet,151.0,2023-06-09,3.9,Cash,302.0,Low,High
Sandals,20.0,2022-12-02,4.1,Cash,40.0,Low,Low
Pants,114.0,2022-12-25,4.4,Credit Card,228.0,Low,High
Sandals,49.0,2022-10-31,4.5,Cash,98.0,Low,Low
T-shirt,198.0,2022-11-29,3.9,Credit Card,396.0,Low,High
Hoodie,107.0,2023-07-11,4.0,Cash,214.0,Low,Low
Slippers,27.0,2023-04-11,3.6,Credit Card,54.0,Low,Low
Hoodie,81.0,2022-12-30,3.6,Credit Card,162.0,Low,Low
Belt,17.0,2023-07-25,4.2,Credit Card,34.0,Low,Low
Sandals,77.0,2023-07-28,4.5,Cash,154.0,Low,Low
Pajamas,58.0,2023-07-20,4.1,Cash,116.0,Low,Low
Slippers,191.0,2023-07-10,4.2,Credit Card,382.0,Low,High
Tie,199.0,2023-02-15,4.6,Cash,398.0,Low,High
Raincoat,188.0,2023-05-06,3.3,Cash,376.0,Low,High
Poncho,87.0,2023-05-27,4.2,Credit Card,174.0,Low,Low
Tank Top,63.0,2023-01-20,4.6,Cash,126.0,Low,Low
Blazer,158.0,2022-11-12,3.2,Cash,316.0,Low,High
T-shirt,92.0,2023-04-24,3.1,Credit Card,184.0,Low,Low
Kimono,140.0,2023-05-18,3.1,Credit Card,280.0,Low,High
Jumpsuit,172.0,2022-10-07,4.8,Credit Card,344.0,Low,High
Cardigan,131.0,2023-01-04,4.1,Credit Card,262.0,Low,High
Belt,171.0,2023-05-24,4.1,Cash,342.0,Low,High
Romper,37.0,2023-07-24,4.0,Cash,74.0,Low,Low
Kimono,142.0,2023-05-15,3.9,Credit Card,284.0,Low,High
Shorts,128.0,2023-02-21,3.0,Cash,256.0,Low,High
Scarf,194.0,2023-02-02,3.6,Cash,388.0,Low,High
Sweater,50.0,2023-07-05,3.2,Cash,100.0,Low,Low
Poncho,131.0,2023-01-23,4.6,Credit Card,262.0,Low,High
Sandals,71.0,2023-03-17,3.2,Cash,142.0,Low,Low
Flip-Flops,30.0,2023-03-30,3.6,Cash,60.0,Low,Low
Cardigan,148.0,2022-11-26,3.5,Credit Card,296.0,Low,High
Hoodie,25.0,2023-09-24,3.9,Credit Card,50.0,Low,Low
Slippers,117.0,2023-09-25,4.0,Credit Card,234.0,Low,High
Boots,198.0,2022-12-21,3.2,Cash,396.0,Low,High
Onesie,164.0,2023-06-11,3.6,Cash,328.0,Low,High
Kimono,134.0,2023-01-02,3.8,Credit Card,268.0,Low,High
Umbrella,121.0,2023-07-05,4.4,Cash,242.0,Low,High
Skirt,183.0,2022-12-22,3.8,Credit Card,366.0,Low,High
T-shirt,195.0,2023-07-22,4.0,Cash,390.0,Low,High
Slippers,31.0,2022-10-26,3.2,Credit Card,62.0,Low,Low
Flannel Shirt,64.0,2022-11-01,3.5,Cash,128.0,Low,Low
T-shirt,96.0,2022-12-05,3.6,Credit Card,192.0,Low,Low
Pajamas,107.0,2023-05-10,3.1,Cash,214.0,Low,Low
Loafers,117.0,2023-05-04,3.5,Credit Card,234.0,Low,High
Flannel Shirt,30.0,2023-05-21,3.1,Credit Card,60.0,Low,Low
Kimono,67.0,2023-03-20,4.4,Cash,134.0,Low,Low
Onesie,176.0,2022-12-28,3.1,Credit Card,352.0,Low,High
Boots,193.0,2023-02-14,3.5,Credit Card,386.0,Low,High
Wallet,89.0,2023-08-18,4.5,Cash,178.0,Low,Low
Flip-Flops,183.0,2022-10-13,3.2,Cash,366.0,Low,High
Raincoat,193.0,2022-10-02,3.9,Credit Card,386.0,Low,High
Skirt,170.0,2023-07-08,4.2,Cash,340.0,Low,High
T-shirt,188.0,2023-05-12,4.1,Cash,376.0,Low,High
Overalls,185.0,2023-03-05,4.1,Credit Card,370.0,Low,High
Vest,154.0,2023-05-04,4.5,Cash,308.0,Low,High
Blouse,179.0,2023-04-06,4.1,Cash,358.0,Low,High
Shorts,135.0,2022-12-27,4.5,Credit Card,270.0,Low,High
Flip-Flops,129.0,2023-08-02,3.1,Credit Card,258.0,Low,High
Umbrella,197.0,2022-10-25,4.5,Credit Card,394.0,Low,High
Wallet,92.0,2022-12-25,4.8,Credit Card,184.0,Low,Low
Onesie,32.0,2023-01-05,4.3,Cash,64.0,Low,Low
Trench Coat,125.0,2022-11-10,4.4,Cash,250.0,Low,High
Tie,128.0,2023-04-10,3.0,Credit Card,256.0,Low,High
Wallet,181.0,2023-03-04,3.7,Credit Card,362.0,Low,High
Leggings,76.0,2023-02-22,3.9,Credit Card,152.0,Low,Low
Jeans,162.0,2023-02-11,3.2,Credit Card,324.0,Low,High
Handbag,80.0,2023-07-06,4.8,Cash,160.0,Low,Low
Poncho,114.0,2023-07-28,3.1,Cash,228.0,Low,High
Gloves,33.0,2023-03-29,3.4,Cash,66.0,Low,Low
Flip-Flops,200.0,2022-10-05,4.9,Cash,400.0,Low,High
Hoodie,100.0,2022-12-26,4.5,Cash,200.0,Low,Low
Raincoat,79.0,2023-02-04,5.0,Credit Card,158.0,Low,Low
Belt,69.0,2023-04-03,3.0,Cash,138.0,Low,Low
Pajamas,133.0,2023-03-20,4.5,Credit Card,266.0,Low,High
Pants,55.0,2023-01-25,4.9,Cash,110.0,Low,Low
Flannel Shirt,191.0,2023-03-23,3.5,Cash,382.0,Low,High
Dress,42.0,2022-10-19,3.3,Cash,84.0,Low,Low
Blouse,135.0,2023-01-25,3.1,Cash,270.0,Low,High
Umbrella,57.0,2023-07-12,3.0,Cash,114.0,Low,Low
Polo Shirt,87.0,2023-01-08,3.3,Cash,174.0,Low,Low
Coat,168.0,2023-04-21,4.9,Credit Card,336.0,Low,High
Tunic,143.0,2022-12-24,4.2,Credit Card,286.0,Low,High
Skirt,25.0,2022-10-05,3.6,Credit Card,50.0,Low,Low
Gloves,162.0,2022-12-05,3.0,Credit Card,324.0,Low,High
Wallet,126.0,2022-11-17,4.3,Credit Card,252.0,Low,High
Blouse,149.0,2023-03-21,4.2,Cash,298.0,Low,High
Polo Shirt,48.0,2023-08-04,3.8,Cash,96.0,Low,Low
Handbag,46.0,2023-04-21,4.3,Credit Card,92.0,Low,Low
Tank Top,122.0,2023-08-12,3.6,Cash,244.0,Low,High
Sunglasses,79.0,2022-12-01,3.4,Cash,158.0,Low,Low
Loafers,163.0,2023-02-03,3.5,Credit Card,326.0,Low,High
Backpack,123.0,2022-12-22,3.7,Credit Card,246.0,Low,High
Sun Hat,56.0,2022-11-04,4.9,Cash,112.0,Low,Low
Belt,121.0,2022-10-09,4.1,Credit Card,242.0,Low,High
Gloves,135.0,2023-04-16,3.0,Credit Card,270.0,Low,High
Gloves,130.0,2023-01-03,4.1,Cash,260.0,Low,High
Cardigan,94.0,2023-08-26,4.7,Credit Card,188.0,Low,Low
Hoodie,136.0,2022-11-18,4.9,Credit Card,272.0,Low,High
Hoodie,150.0,2023-01-14,4.0,Cash,300.0,Low,High
Slippers,39.0,2023-08-16,4.1,Credit Card,78.0,Low,Low
Shorts,148.0,2022-12-08,4.5,Credit Card,296.0,Low,High
Leggings,23.0,2022-11-09,3.7,Credit Card,46.0,Low,Low
Poncho,188.0,2022-11-22,3.7,Credit Card,376.0,Low,High
T-shirt,17.0,2023-06-05,4.7,Cash,34.0,Low,Low
Blazer,165.0,2023-04-10,4.3,Cash,330.0,Low,High
Sweater,191.0,2023-01-28,4.1,Credit Card,382.0,Low,High
Polo Shirt,151.0,2022-12-06,4.1,Credit Card,302.0,Low,High
Socks,67.0,2023-05-06,4.1,Credit Card,134.0,Low,Low
Pajamas,39.0,2023-02-19,4.3,Credit Card,78.0,Low,Low
Jumpsuit,193.0,2022-12-18,4.0,Credit Card,386.0,Low,High
Umbrella,133.0,2023-06-19,4.1,Credit Card,266.0,Low,High
Flannel Shirt,47.0,2023-04-24,3.4,Credit Card,94.0,Low,Low
Wallet,163.0,2023-02-07,4.7,Credit Card,326.0,Low,High
Overalls,135.0,2022-12-02,3.7,Cash,270.0,Low,High
Gloves,92.0,2022-10-04,4.2,Credit Card,184.0,Low,Low
Umbrella,108.0,2023-08-01,3.3,Cash,216.0,Low,Low
Loafers,190.0,2023-07-01,4.1,Cash,380.0,Low,High
Pants,179.0,2023-03-12,3.4,Cash,358.0,Low,High
Tank Top,42.0,2022-11-02,3.1,Credit Card,84.0,Low,Low
Dress,161.0,2023-01-07,4.1,Cash,322.0,Low,High
Loafers,35.0,2022-12-26,3.1,Cash,70.0,Low,Low
Leggings,122.0,2023-09-28,3.7,Credit Card,244.0,Low,High
Trench Coat,13.0,2022-11-03,3.4,Credit Card,26.0,Low,Low
Tank Top,114.0,2023-04-01,4.3,Cash,228.0,Low,High
Onesie,30.0,2022-10-07,3.7,Cash,60.0,Low,Low
Scarf,107.0,2022-11-19,4.3,Credit Card,214.0,Low,Low
Romper,19.0,2022-12-12,3.5,Cash,38.0,Low,Low
Scarf,123.0,2023-01-31,3.5,Credit Card,246.0,Low,High
Gloves,17.0,2022-10-27,3.8,Credit Card,34.0,Low,Low
Poncho,85.0,2023-05-16,3.9,Cash,170.0,Low,Low
Kimono,56.0,2023-08-24,3.6,Credit Card,112.0,Low,Low
Blazer,168.0,2023-05-28,4.0,Cash,336.0,Low,High
Jeans,173.0,2023-04-11,4.5,Cash,346.0,Low,High
Belt,28.0,2022-12-19,4.4,Credit Card,56.0,Low,Low
Umbrella,98.0,2022-11-18,4.2,Cash,196.0,Low,Low
Tunic,126.0,2023-01-30,4.1,Cash,252.0,Low,High
Vest,60.0,2023-09-29,3.7,Credit Card,120.0,Low,Low
Vest,133.0,2023-02-09,4.6,Cash,266.0,Low,High
Cardigan,178.0,2023-09-25,3.4,Cash,356.0,Low,High
Tank Top,200.0,2023-01-02,3.8,Cash,400.0,Low,High
Sun Hat,83.0,2022-10-05,3.4,Cash,166.0,Low,Low
Skirt,100.0,2023-07-06,4.7,Credit Card,200.0,Low,Low
Sweater,170.0,2023-06-11,3.7,Cash,340.0,Low,High
Blazer,18.0,2023-04-15,4.9,Credit Card,36.0,Low,Low
Overalls,197.0,2023-07-23,3.2,Credit Card,394.0,Low,High
Cardigan,133.0,2023-05-10,3.2,Credit Card,266.0,Low,High
Scarf,129.0,2023-04-03,4.4,Credit Card,258.0,Low,High
Socks,67.0,2022-10-31,5.0,Credit Card,134.0,Low,Low
Backpack,111.0,2023-03-25,4.1,Credit Card,222.0,Low,Low
Swimsuit,111.0,2023-07-06,4.0,Cash,222.0,Low,Low
Skirt,182.0,2023-05-11,4.5,Credit Card,364.0,Low,High
Umbrella,107.0,2023-02-19,4.0,Credit Card,214.0,Low,Low
Pants,105.0,2022-10-31,3.1,Cash,210.0,Low,Low
Sweater,26.0,2023-04-03,3.1,Cash,52.0,Low,Low
Raincoat,87.0,2023-06-30,4.6,Credit Card,174.0,Low,Low
Onesie,39.0,2023-01-08,3.6,Credit Card,78.0,Low,Low
Sweater,87.0,2022-12-28,3.5,Cash,174.0,Low,Low
Shorts,39.0,2023-03-15,3.5,Credit Card,78.0,Low,Low
Backpack,44.0,2023-05-13,4.8,Credit Card,88.0,Low,Low
Pants,200.0,2023-04-27,4.0,Credit Card,400.0,Low,High
Handbag,116.0,2022-12-29,3.6,Credit Card,232.0,Low,High
Camisole,135.0,2022-10-11,4.5,Credit Card,270.0,Low,High
Dress,123.0,2023-04-23,4.7,Cash,246.0,Low,High
Boots,35.0,2022-12-05,4.6,Credit Card,70.0,Low,Low
Kimono,175.0,2023-07-28,3.4,Cash,350.0,Low,High
Blazer,111.0,2022-12-27,4.2,Cash,222.0,Low,Low
Tank Top,41.0,2023-04-05,3.0,Credit Card,82.0,Low,Low
Loafers,126.0,2023-03-07,3.4,Credit Card,252.0,Low,High
Jumpsuit,42.0,2022-11-12,4.5,Cash,84.0,Low,Low
Tank Top,62.0,2023-07-28,4.4,Credit Card,124.0,Low,Low
Jumpsuit,47.0,2022-12-22,3.6,Credit Card,94.0,Low,Low
Sneakers,148.0,2022-10-06,4.1,Credit Card,296.0,Low,High
Handbag,54.0,2022-11-25,3.9,Credit Card,108.0,Low,Low
T-shirt,70.0,2023-09-06,4.0,Credit Card,140.0,Low,Low
Gloves,66.0,2023-01-06,3.8,Cash,132.0,Low,Low
Jeans,21.0,2023-07-30,3.4,Credit Card,42.0,Low,Low
Sneakers,112.0,2022-11-17,3.5,Credit Card,224.0,Low,High
Poncho,123.0,2022-12-24,4.0,Credit Card,246.0,Low,High
Backpack,93.0,2023-07-22,4.0,Credit Card,186.0,Low,Low
Blouse,177.0,2023-08-08,4.5,Cash,354.0,Low,High
Vest,180.0,2023-05-17,3.6,Cash,360.0,Low,High
Jeans,131.0,2022-12-09,4.6,Credit Card,262.0,Low,High
Sun Hat,33.0,2023-04-24,3.1,Credit Card,66.0,Low,Low
Flannel Shirt,41.0,2023-07-26,3.1,Credit Card,82.0,Low,Low
Slippers,180.0,2023-04-04,4.5,Credit Card,360.0,Low,High
Shorts,89.0,2022-11-05,3.6,Cash,178.0,Low,Low
Tunic,157.0,2023-06-03,3.8,Cash,314.0,Low,High
Scarf,67.0,2023-08-29,3.2,Cash,134.0,Low,Low
Shorts,104.0,2022-10-11,4.3,Credit Card,208.0,Low,Low
Loafers,67.0,2023-08-12,3.1,Credit Card,134.0,Low,Low
Hat,169.0,2022-10-27,3.3,Cash,338.0,Low,High
Sun Hat,165.0,2023-07-23,4.1,Credit Card,330.0,Low,High
Bowtie,187.0,2023-01-22,3.5,Credit Card,374.0,Low,High
Dress,99.0,2023-01-12,3.2,Credit Card,198.0,Low,Low
Sunglasses,154.0,2023-08-15,3.3,Credit Card,308.0,Low,High
Coat,17.0,2022-12-23,4.2,Credit Card,34.0,Low,Low
Sandals,97.0,2022-11-18,3.4,Cash,194.0,Low,Low
Dress,93.0,2023-08-01,3.1,Cash,186.0,Low,Low
Swimsuit,79.0,2022-10-25,4.8,Credit Card,158.0,Low,Low
Boots,183.0,2023-06-07,3.2,Credit Card,366.0,Low,High
Blazer,144.0,2023-09-04,4.1,Cash,288.0,Low,High
Wallet,64.0,2023-02-22,3.4,Credit Card,128.0,Low,Low
Bowtie,40.0,2022-11-27,4.1,Cash,80.0,Low,Low
Tank Top,68.0,2023-06-01,4.2,Cash,136.0,Low,Low
Wallet,93.0,2022-10-09,4.9,Cash,186.0,Low,Low
Scarf,111.0,2023-02-17,3.0,Credit Card,222.0,Low,Low
Sun Hat,29.0,2023-05-17,3.9,Cash,58.0,Low,Low
Scarf,39.0,2023-05-07,4.9,Credit Card,78.0,Low,Low
Raincoat,99.0,2022-12-16,3.8,Credit Card,198.0,Low,Low
Blouse,70.0,2023-09-11,3.4,Cash,140.0,Low,Low
Belt,177.0,2023-01-11,4.7,Credit Card,354.0,Low,High
Coat,170.0,2023-02-23,3.3,Cash,340.0,Low,High
Belt,89.0,2023-01-12,4.4,Credit Card,178.0,Low,Low
Scarf,33.0,2023-02-20,3.7,Credit Card,66.0,Low,Low
Tank Top,92.0,2023-05-27,4.7,Cash,184.0,Low,Low
Sunglasses,97.0,2023-04-05,3.5,Cash,194.0,Low,Low
Wallet,31.0,2023-06-03,3.3,Cash,62.0,Low,Low
Backpack,54.0,2023-05-05,4.1,Cash,108.0,Low,Low
Coat,166.0,2023-09-21,3.4,Credit Card,332.0,Low,High
Belt,23.0,2023-02-28,4.0,Credit Card,46.0,Low,Low
Sun Hat,110.0,2023-06-20,3.7,Credit Card,220.0,Low,Low
Jacket,31.0,2023-05-15,4.5,Cash,62.0,Low,Low
Swimsuit,199.0,2023-08-15,4.4,Cash,398.0,Low,High
Trousers,144.0,2023-08-13,3.2,Credit Card,288.0,Low,High
Gloves,35.0,2023-02-25,4.0,Cash,70.0,Low,Low
Slippers,169.0,2023-06-13,3.4,Credit Card,338.0,Low,High
Skirt,21.0,2023-01-22,4.9,Credit Card,42.0,Low,Low
Sun Hat,59.0,2023-06-15,4.3,Credit Card,118.0,Low,Low
Sneakers,156.0,2023-04-19,4.4,Cash,312.0,Low,High
Loafers,128.0,2023-07-22,5.0,Credit Card,256.0,Low,High
Coat,61.0,2023-07-20,4.8,Cash,122.0,Low,Low
Leggings,45.0,2022-10-07,3.6,Credit Card,90.0,Low,Low
Pajamas,105.0,2023-04-03,3.3,Credit Card,210.0,Low,Low
Raincoat,142.0,2023-07-03,4.0,Credit Card,284.0,Low,High
Vest,66.0,2023-07-15,4.0,Cash,132.0,Low,Low
Sandals,70.0,2023-09-19,3.5,Cash,140.0,Low,Low
Umbrella,17.0,2022-12-29,4.1,Cash,34.0,Low,Low
Trench Coat,35.0,2023-01-11,4.6,Cash,70.0,Low,Low
Pants,47.0,2023-05-12,4.7,Cash,94.0,Low,Low
Blouse,130.0,2023-02-15,3.4,Credit Card,260.0,Low,High
Sneakers,48.0,2023-08-02,4.9,Cash,96.0,Low,Low
Sweater,196.0,2023-03-24,3.1,Cash,392.0,Low,High
Camisole,118.0,2023-01-26,3.4,Cash,236.0,Low,High
Swimsuit,87.0,2023-03-23,4.6,Cash,174.0,Low,Low
Jumpsuit,173.0,2023-03-11,3.5,Cash,346.0,Low,High
Tie,14.0,2022-11-17,4.8,Credit Card,28.0,Low,Low
Hat,10.0,2023-01-30,4.5,Cash,20.0,Low,Low
Raincoat,57.0,2023-07-31,3.6,Credit Card,114.0,Low,Low
Overalls,31.0,2023-08-06,4.9,Credit Card,62.0,Low,Low
Trench Coat,102.0,2022-10-10,3.1,Cash,204.0,Low,Low
Belt,139.0,2023-01-22,3.6,Cash,278.0,Low,High
Flannel Shirt,109.0,2023-06-03,4.7,Credit Card,218.0,Low,Low
Tie,198.0,2023-03-07,3.3,Cash,396.0,Low,High
Jacket,132.0,2023-03-01,4.1,Cash,264.0,Low,High
Hoodie,141.0,2023-01-18,3.6,Credit Card,282.0,Low,High
Sun Hat,58.0,2023-04-22,3.2,Cash,116.0,Low,Low
Kimono,22.0,2023-04-12,4.5,Credit Card,44.0,Low,Low
Umbrella,112.0,2023-05-21,3.0,Credit Card,224.0,Low,High
Trench Coat,108.0,2023-08-31,4.8,Credit Card,216.0,Low,Low
Umbrella,56.0,2022-12-08,3.1,Credit Card,112.0,Low,Low
Vest,52.0,2023-07-12,3.5,Cash,104.0,Low,Low
T-shirt,99.0,2022-11-05,4.0,Credit Card,198.0,Low,Low
Flip-Flops,196.0,2023-04-08,4.8,Credit Card,392.0,Low,High
Socks,100.0,2023-09-04,4.4,Credit Card,200.0,Low,Low
Poncho,121.0,2023-03-03,4.8,Credit Card,242.0,Low,High
Tank Top,183.0,2023-04-10,4.8,Credit Card,366.0,Low,High
Raincoat,183.0,2023-07-21,4.7,Credit Card,366.0,Low,High
Boots,18.0,2022-10-19,4.8,Cash,36.0,Low,Low
Flannel Shirt,108.0,2023-05-21,4.1,Cash,216.0,Low,Low
Umbrella,18.0,2023-06-02,4.8,Cash,36.0,Low,Low
Loafers,183.0,2023-09-23,4.1,Credit Card,366.0,Low,High
Loafers,29.0,2023-07-24,4.3,Cash,58.0,Low,Low
Tunic,16.0,2023-03-08,4.8,Cash,32.0,Low,Low
Gloves,153.0,2022-10-22,4.0,Cash,306.0,Low,High
Swimsuit,166.0,2023-08-30,3.5,Credit Card,332.0,Low,High
Blouse,135.0,2023-07-16,3.6,Cash,270.0,Low,High
Belt,32.0,2023-01-30,4.6,Cash,64.0,Low,Low
Swimsuit,86.0,2022-10-19,3.3,Cash,172.0,Low,Low
Shorts,192.0,2023-03-23,3.8,Cash,384.0,Low,High
Trousers,189.0,2022-10-20,4.0,Cash,378.0,Low,High
Boots,41.0,2023-09-28,3.4,Cash,82.0,Low,Low
Jumpsuit,136.0,2023-05-17,3.7,Cash,272.0,Low,High
Cardigan,104.0,2023-05-07,3.6,Credit Card,208.0,Low,Low
Cardigan,26.0,2023-02-04,3.0,Credit Card,52.0,Low,Low
Sandals,193.0,2023-01-18,4.3,Credit Card,386.0,Low,High
T-shirt,114.0,2023-04-22,4.2,Credit Card,228.0,Low,High
Poncho,28.0,2023-06-06,3.0,Credit Card,56.0,Low,Low
Sunglasses,28.0,2023-05-15,4.1,Credit Card,56.0,Low,Low
Vest,184.0,2023-09-07,3.2,Cash,368.0,Low,High
Blazer,151.0,2022-10-13,4.7,Credit Card,302.0,Low,High
Backpack,56.0,2023-04-27,3.4,Cash,112.0,Low,Low
Trench Coat,43.0,2023-05-31,4.2,Cash,86.0,Low,Low
Dress,24.0,2023-09-25,3.3,Credit Card,48.0,Low,Low
Overalls,142.0,2022-12-02,4.1,Credit Card,284.0,Low,High
Sweater,191.0,2023-01-03,4.0,Cash,382.0,Low,High
Raincoat,142.0,2023-01-03,4.2,Credit Card,284.0,Low,High
T-shirt,30.0,2023-05-05,3.3,Credit Card,60.0,Low,Low
Flip-Flops,172.0,2023-04-30,4.8,Credit Card,344.0,Low,High
Overalls,80.0,2023-06-02,3.5,Cash,160.0,Low,Low
T-shirt,49.0,2023-08-12,4.2,Credit Card,98.0,Low,Low
Camisole,164.0,2023-06-21,4.3,Credit Card,328.0,Low,High
Hat,154.0,2023-05-21,4.9,Cash,308.0,Low,High
Skirt,157.0,2023-05-10,4.2,Cash,314.0,Low,High
Belt,63.0,2023-03-19,4.1,Credit Card,126.0,Low,Low
Hoodie,170.0,2023-03-19,4.4,Credit Card,340.0,Low,High
Trench Coat,133.0,2023-08-04,4.0,Credit Card,266.0,Low,High
Pants,97.0,2023-05-02,3.8,Cash,194.0,Low,Low
Jumpsuit,90.0,2023-01-14,4.2,Credit Card,180.0,Low,Low
Wallet,91.0,2023-03-06,4.0,Credit Card,182.0,Low,Low
Gloves,43.0,2022-12-27,3.3,Cash,86.0,Low,Low
Onesie,141.0,2023-09-23,3.8,Credit Card,282.0,Low,High
Vest,91.0,2023-06-22,4.0,Cash,182.0,Low,Low
Polo Shirt,50.0,2022-10-14,3.1,Credit Card,100.0,Low,Low
Sneakers,157.0,2023-03-12,4.7,Credit Card,314.0,Low,High
Skirt,58.0,2023-08-24,4.8,Credit Card,116.0,Low,Low
Bowtie,137.0,2023-03-16,4.5,Cash,274.0,Low,High
Wallet,129.0,2022-10-13,3.3,Credit Card,258.0,Low,High
Raincoat,71.0,2023-07-21,3.7,Cash,142.0,Low,Low
Poncho,100.0,2022-12-11,3.0,Cash,200.0,Low,Low
Shorts,77.0,2023-02-13,4.4,Credit Card,154.0,Low,Low
Socks,113.0,2023-08-29,3.2,Cash,226.0,Low,High
Blouse,102.0,2023-09-25,4.6,Cash,204.0,Low,Low
Vest,28.0,2022-11-10,4.0,Credit Card,56.0,Low,Low
Tie,125.0,2023-07-08,4.9,Cash,250.0,Low,High
Trousers,169.0,2023-09-16,4.6,Credit Card,338.0,Low,High
Wallet,60.0,2023-01-05,4.1,Cash,120.0,Low,Low
Shorts,21.0,2022-11-06,4.2,Credit Card,42.0,Low,Low
Kimono,131.0,2022-12-24,3.6,Cash,262.0,Low,High
Sun Hat,48.0,2023-07-24,4.9,Credit Card,96.0,Low,Low
Kimono,141.0,2023-09-13,3.3,Credit Card,282.0,Low,High
Romper,91.0,2023-06-01,3.0,Cash,182.0,Low,Low
Leggings,199.0,2023-07-26,3.2,Credit Card,398.0,Low,High
Tunic,140.0,2022-12-31,4.5,Credit Card,280.0,Low,High
Jumpsuit,191.0,2023-06-19,3.7,Cash,382.0,Low,High
Trench Coat,104.0,2022-11-12,3.3,Credit Card,208.0,Low,Low
Camisole,38.0,2023-09-11,3.9,Credit Card,76.0,Low,Low
Poncho,159.0,2023-07-19,3.0,Cash,318.0,Low,High
Pajamas,195.0,2023-07-03,4.8,Cash,390.0,Low,High
Jeans,158.0,2023-07-16,4.5,Cash,316.0,Low,High
Trench Coat,168.0,2023-03-16,3.8,Cash,336.0,Low,High
Umbrella,18.0,2023-05-27,3.9,Credit Card,36.0,Low,Low
Trousers,48.0,2023-07-02,3.0,Credit Card,96.0,Low,Low
Loafers,166.0,2023-03-08,3.3,Credit Card,332.0,Low,High
T-shirt,190.0,2023-02-13,3.8,Cash,380.0,Low,High
Cardigan,132.0,2023-07-29,3.8,Credit Card,264.0,Low,High
Cardigan,90.0,2023-02-28,3.0,Credit Card,180.0,Low,Low
Hoodie,97.0,2022-10-17,4.9,Cash,194.0,Low,Low
Belt,194.0,2023-09-23,3.1,Credit Card,388.0,Low,High
Flip-Flops,133.0,2023-07-03,4.9,Credit Card,266.0,Low,High
Trench Coat,86.0,2023-01-30,3.1,Cash,172.0,Low,Low
Sneakers,132.0,2023-01-31,3.3,Credit Card,264.0,Low,High
Jumpsuit,194.0,2023-03-18,4.8,Cash,388.0,Low,High
Shorts,41.0,2023-03-05,3.5,Credit Card,82.0,Low,Low
Tank Top,111.0,2023-08-25,4.5,Credit Card,222.0,Low,Low
Boots,47.0,2023-08-05,3.4,Credit Card,94.0,Low,Low
Wallet,83.0,2023-09-21,4.6,Cash,166.0,Low,Low
Belt,30.0,2022-10-11,4.5,Cash,60.0,Low,Low
Skirt,153.0,2023-07-18,4.8,Credit Card,306.0,Low,High
Tank Top,45.0,2023-08-10,4.2,Credit Card,90.0,Low,Low
Flip-Flops,181.0,2022-10-15,4.6,Credit Card,362.0,Low,High
Hat,67.0,2023-04-14,3.4,Cash,134.0,Low,Low
Socks,23.0,2023-08-04,4.7,Credit Card,46.0,Low,Low
Vest,83.0,2022-10-03,4.7,Cash,166.0,Low,Low
Dress,175.0,2023-04-08,4.6,Credit Card,350.0,Low,High
Pants,146.0,2023-06-30,3.7,Credit Card,292.0,Low,High
Belt,19.0,2022-12-24,3.1,Cash,38.0,Low,Low
Jeans,54.0,2023-02-18,3.1,Cash,108.0,Low,Low
Flip-Flops,55.0,2023-01-28,3.2,Cash,110.0,Low,Low
Flannel Shirt,164.0,2022-10-29,3.2,Cash,328.0,Low,High
Tank Top,82.0,2022-12-16,4.1,Cash,164.0,Low,Low
Handbag,174.0,2023-09-22,3.8,Credit Card,348.0,Low,High
Trousers,129.0,2023-05-28,4.6,Cash,258.0,Low,High
Belt,38.0,2023-07-04,3.6,Credit Card,76.0,Low,Low
Onesie,197.0,2022-11-28,3.1,Cash,394.0,Low,High
Backpack,59.0,2022-10-04,4.5,Cash,118.0,Low,Low
Shorts,141.0,2023-04-12,4.6,Cash,282.0,Low,High
Swimsuit,57.0,2023-02-17,4.6,Credit Card,114.0,Low,Low
Boots,94.0,2023-03-26,4.7,Cash,188.0,Low,Low
Sweater,76.0,2023-06-29,4.3,Credit Card,152.0,Low,Low
Hat,187.0,2023-07-25,4.9,Credit Card,374.0,Low,High
Dress,180.0,2022-10-28,4.3,Cash,360.0,Low,High
Poncho,186.0,2023-02-08,4.5,Cash,372.0,Low,High
Scarf,85.0,2023-09-03,3.5,Cash,170.0,Low,Low
Cardigan,66.0,2022-12-13,4.5,Credit Card,132.0,Low,Low
Skirt,189.0,2023-03-19,4.3,Credit Card,378.0,Low,High
Belt,130.0,2022-10-02,3.4,Credit Card,260.0,Low,High
Trousers,145.0,2023-06-02,3.0,Credit Card,290.0,Low,High
Wallet,139.0,2023-05-01,3.1,Cash,278.0,Low,High
T-shirt,147.0,2023-08-20,3.3,Cash,294.0,Low,High
Sun Hat,143.0,2022-10-23,4.5,Credit Card,286.0,Low,High
Jumpsuit,184.0,2023-05-18,3.2,Cash,368.0,Low,High
Swimsuit,154.0,2023-08-20,4.2,Cash,308.0,Low,High
Flannel Shirt,10.0,2023-08-25,4.1,Credit Card,20.0,Low,Low
Handbag,106.0,2023-08-31,3.1,Cash,212.0,Low,Low
Dress,40.0,2023-03-18,3.5,Cash,80.0,Low,Low
Socks,10.0,2023-05-24,3.3,Credit Card,20.0,Low,Low
Romper,86.0,2022-12-16,4.1,Cash,172.0,Low,Low
Skirt,146.0,2023-06-18,3.3,Credit Card,292.0,Low,High
Polo Shirt,98.0,2023-07-25,4.6,Credit Card,196.0,Low,Low
Blazer,38.0,2023-01-04,4.0,Credit Card,76.0,Low,Low
Onesie,167.0,2023-08-29,5.0,Cash,334.0,Low,High
Tunic,14.0,2023-05-29,4.7,Credit Card,28.0,Low,Low
Socks,27.0,2023-08-21,3.1,Cash,54.0,Low,Low
Pants,190.0,2022-11-09,5.0,Cash,380.0,Low,High
Tie,24.0,2023-05-06,3.8,Cash,48.0,Low,Low
Romper,69.0,2023-09-17,4.4,Credit Card,138.0,Low,Low
Sandals,197.0,2022-11-28,4.8,Credit Card,394.0,Low,High
Romper,152.0,2023-04-20,4.5,Cash,304.0,Low,High
Shorts,198.0,2022-12-08,3.5,Cash,396.0,Low,High
Belt,170.0,2022-10-09,3.2,Cash,340.0,Low,High
Trench Coat,116.0,2022-10-10,4.1,Credit Card,232.0,Low,High
Coat,147.0,2023-08-17,3.2,Credit Card,294.0,Low,High
Blouse,24.0,2023-08-23,3.7,Credit Card,48.0,Low,Low
Cardigan,116.0,2022-12-30,4.0,Cash,232.0,Low,High
Sunglasses,75.0,2023-01-09,4.1,Credit Card,150.0,Low,Low
Socks,104.0,2023-02-22,4.7,Credit Card,208.0,Low,Low
Vest,58.0,2023-01-21,3.9,Cash,116.0,Low,Low
Trench Coat,58.0,2023-03-22,3.3,Cash,116.0,Low,Low
Jumpsuit,188.0,2023-06-07,3.2,Credit Card,376.0,Low,High
Vest,71.0,2022-11-12,3.1,Credit Card,142.0,Low,Low
Scarf,88.0,2023-03-02,3.8,Cash,176.0,Low,Low
Hat,141.0,2023-09-05,4.9,Credit Card,282.0,Low,High
Tank Top,21.0,2023-04-11,4.3,Cash,42.0,Low,Low
T-shirt,66.0,2023-01-20,3.3,Cash,132.0,Low,Low
Trench Coat,14.0,2023-04-28,4.6,Credit Card,28.0,Low,Low
Overalls,159.0,2023-08-03,4.8,Credit Card,318.0,Low,High
Trench Coat,116.0,2022-10-11,4.5,Credit Card,232.0,Low,High
Romper,60.0,2023-07-28,4.5,Cash,120.0,Low,Low
Blazer,96.0,2023-05-24,4.2,Cash,192.0,Low,Low
Gloves,135.0,2023-04-06,4.8,Credit Card,270.0,Low,High
Cardigan,174.0,2023-02-06,3.8,Credit Card,348.0,Low,High
Coat,57.0,2023-07-20,4.4,Cash,114.0,Low,Low
Dress,25.0,2023-04-27,4.7,Cash,50.0,Low,Low
Polo Shirt,29.0,2023-09-27,4.6,Cash,58.0,Low,Low
Pants,27.0,2023-08-30,4.0,Cash,54.0,Low,Low
Sneakers,168.0,2022-12-08,3.5,Cash,336.0,Low,High
Backpack,178.0,2023-02-03,4.6,Cash,356.0,Low,High
Scarf,115.0,2023-03-13,3.8,Cash,230.0,Low,High
Shorts,80.0,2023-09-20,4.1,Credit Card,160.0,Low,Low
Raincoat,182.0,2023-03-31,3.0,Cash,364.0,Low,High
Handbag,55.0,2023-04-01,4.7,Cash,110.0,Low,Low
Tie,185.0,2023-04-08,4.5,Cash,370.0,Low,High
Cardigan,176.0,2023-09-14,4.5,Credit Card,352.0,Low,High
Leggings,33.0,2022-10-10,4.5,Cash,66.0,Low,Low
Handbag,24.0,2023-04-24,3.8,Cash,48.0,Low,Low
T-shirt,189.0,2023-09-26,4.0,Credit Card,378.0,Low,High
Jeans,131.0,2023-07-20,3.1,Credit Card,262.0,Low,High
Wallet,81.0,2023-06-14,3.4,Credit Card,162.0,Low,Low
Jumpsuit,55.0,2023-06-24,4.5,Credit Card,110.0,Low,Low
Poncho,192.0,2023-04-24,3.2,Cash,384.0,Low,High
Tank Top,29.0,2023-04-30,3.8,Credit Card,58.0,Low,Low
Handbag,199.0,2023-01-28,3.4,Cash,398.0,Low,High
Scarf,98.0,2023-04-26,3.6,Credit Card,196.0,Low,Low
Sneakers,111.0,2023-06-29,3.9,Cash,222.0,Low,Low
Scarf,93.0,2023-04-28,4.3,Cash,186.0,Low,Low
Handbag,125.0,2023-07-28,3.9,Cash,250.0,Low,High
Pants,184.0,2023-04-10,4.7,Credit Card,368.0,Low,High
Bowtie,107.0,2023-07-26,3.7,Credit Card,214.0,Low,Low
Camisole,73.0,2023-07-19,4.4,Credit Card,146.0,Low,Low
Camisole,31.0,2023-06-07,4.0,Credit Card,62.0,Low,Low
Belt,107.0,2023-09-08,3.0,Cash,214.0,Low,Low
Hat,102.0,2023-08-07,4.9,Cash,204.0,Low,Low
Overalls,36.0,2023-06-27,4.6,Cash,72.0,Low,Low
Hat,93.0,2022-12-06,3.6,Credit Card,186.0,Low,Low
Backpack,13.0,2022-10-07,3.4,Cash,26.0,Low,Low
Hat,53.0,2023-05-22,3.2,Cash,106.0,Low,Low
Belt,136.0,2023-08-10,4.2,Credit Card,272.0,Low,High
Backpack,111.0,2023-09-03,3.7,Cash,222.0,Low,Low
Camisole,120.0,2023-08-06,4.2,Cash,240.0,Low,High
T-shirt,55.0,2023-07-12,4.5,Credit Card,110.0,Low,Low
Loafers,91.0,2023-06-03,4.7,Credit Card,182.0,Low,Low
Skirt,187.0,2023-04-24,4.1,Credit Card,374.0,Low,High
Pajamas,157.0,2023-07-13,3.3,Credit Card,314.0,Low,High
Shorts,154.0,2023-09-30,4.9,Cash,308.0,Low,High
Tunic,56.0,2023-05-20,4.3,Cash,112.0,Low,Low
Boots,84.0,2023-05-12,3.5,Credit Card,168.0,Low,Low
Hoodie,114.0,2023-03-05,3.4,Credit Card,228.0,Low,High
Sneakers,45.0,2022-12-03,4.8,Cash,90.0,Low,Low
Handbag,49.0,2023-02-09,4.2,Cash,98.0,Low,Low
T-shirt,132.0,2022-10-27,3.5,Cash,264.0,Low,High
Skirt,146.0,2023-06-26,4.3,Credit Card,292.0,Low,High
Trousers,102.0,2023-02-05,3.4,Credit Card,204.0,Low,Low
Romper,147.0,2022-11-19,4.3,Credit Card,294.0,Low,High
Hoodie,31.0,2023-03-18,4.8,Credit Card,62.0,Low,Low
Blouse,180.0,2023-08-06,3.9,Cash,360.0,Low,High
Onesie,175.0,2023-06-29,4.2,Cash,350.0,Low,High
Tunic,154.0,2023-01-07,4.2,Credit Card,308.0,Low,High
Sunglasses,183.0,2023-08-04,4.3,Cash,366.0,Low,High
Pants,186.0,2022-10-17,4.6,Cash,372.0,Low,High
Boots,124.0,2022-10-04,3.5,Credit Card,248.0,Low,High
Sweater,128.0,2022-11-05,3.4,Credit Card,256.0,Low,High
Dress,97.0,2023-04-24,3.2,Cash,194.0,Low,Low
Skirt,62.0,2022-12-16,3.6,Cash,124.0,Low,Low
Skirt,125.0,2023-03-07,3.3,Cash,250.0,Low,High
Trench Coat,86.0,2023-08-31,4.5,Credit Card,172.0,Low,Low
Jeans,199.0,2023-07-17,3.1,Credit Card,398.0,Low,High
Belt,94.0,2023-01-21,4.9,Credit Card,188.0,Low,Low
Pants,113.0,2022-12-01,3.0,Credit Card,226.0,Low,High
Raincoat,57.0,2022-10-10,3.1,Cash,114.0,Low,Low
Cardigan,198.0,2023-06-23,4.3,Credit Card,396.0,Low,High
Umbrella,119.0,2023-06-12,4.6,Credit Card,238.0,Low,High
Umbrella,81.0,2022-12-18,3.2,Credit Card,162.0,Low,Low
Skirt,173.0,2023-08-11,3.7,Cash,346.0,Low,High
Raincoat,160.0,2023-05-12,3.0,Credit Card,320.0,Low,High
Swimsuit,161.0,2023-03-03,3.3,Cash,322.0,Low,High
Hat,46.0,2023-03-02,3.0,Cash,92.0,Low,Low
Umbrella,54.0,2022-12-18,3.6,Credit Card,108.0,Low,Low
Wallet,125.0,2023-01-03,4.0,Credit Card,250.0,Low,High
Blazer,134.0,2023-03-23,4.0,Cash,268.0,Low,High
Cardigan,153.0,2022-10-17,4.3,Credit Card,306.0,Low,High
Skirt,135.0,2023-06-07,3.3,Credit Card,270.0,Low,High
Swimsuit,80.0,2022-11-23,3.0,Credit Card,160.0,Low,Low
Sandals,83.0,2023-08-16,3.9,Credit Card,166.0,Low,Low
Jacket,200.0,2023-07-15,4.7,Cash,400.0,Low,High
T-shirt,136.0,2023-08-15,3.4,Credit Card,272.0,Low,High
Pants,38.0,2023-04-25,3.7,Credit Card,76.0,Low,Low
Bowtie,73.0,2023-04-25,3.9,Credit Card,146.0,Low,Low
Onesie,99.0,2022-12-08,3.6,Credit Card,198.0,Low,Low
Jacket,32.0,2022-10-04,4.0,Cash,64.0,Low,Low
Sneakers,166.0,2023-02-04,4.7,Cash,332.0,Low,High
Pants,52.0,2023-08-19,4.7,Cash,104.0,Low,Low
Hoodie,62.0,2022-10-03,3.5,Cash,124.0,Low,Low
Leggings,25.0,2023-05-19,4.2,Cash,50.0,Low,Low
Blouse,146.0,2023-08-13,4.7,Cash,292.0,Low,High
Pajamas,84.0,2022-11-22,3.8,Cash,168.0,Low,Low
Loafers,43.0,2023-08-26,3.6,Credit Card,86.0,Low,Low
Handbag,192.0,2023-02-27,4.5,Cash,384.0,Low,High
Trousers,73.0,2022-10-05,3.9,Credit Card,146.0,Low,Low
Backpack,46.0,2023-02-05,4.9,Credit Card,92.0,Low,Low
Boots,78.0,2023-03-08,3.8,Cash,156.0,Low,Low
Pajamas,106.0,2023-06-10,5.0,Credit Card,212.0,Low,Low
Sun Hat,33.0,2022-12-02,4.4,Cash,66.0,Low,Low
Kimono,81.0,2023-09-30,3.8,Cash,162.0,Low,Low
Polo Shirt,104.0,2022-12-24,3.9,Cash,208.0,Low,Low
Polo Shirt,197.0,2022-11-08,4.3,Credit Card,394.0,Low,High
Gloves,172.0,2023-01-09,3.9,Credit Card,344.0,Low,High
Romper,136.0,2023-03-12,4.1,Credit Card,272.0,Low,High
Tie,82.0,2023-04-27,3.7,Credit Card,164.0,Low,Low
Flannel Shirt,157.0,2022-11-20,3.7,Credit Card,314.0,Low,High
Gloves,127.0,2023-06-12,3.2,Cash,254.0,Low,High
Hoodie,50.0,2023-08-26,4.7,Credit Card,100.0,Low,Low
Swimsuit,119.0,2022-11-08,3.5,Cash,238.0,Low,High
T-shirt,186.0,2023-06-13,4.4,Credit Card,372.0,Low,High
Scarf,176.0,2023-03-30,4.9,Credit Card,352.0,Low,High
Jeans,80.0,2022-11-02,4.3,Cash,160.0,Low,Low
Sun Hat,31.0,2023-05-04,5.0,Cash,62.0,Low,Low
Onesie,176.0,2022-11-15,3.1,Cash,352.0,Low,High
Shorts,88.0,2023-09-06,4.8,Credit Card,176.0,Low,Low
Sweater,69.0,2023-01-01,3.7,Credit Card,138.0,Low,Low
Raincoat,33.0,2022-10-25,3.0,Cash,66.0,Low,Low
Swimsuit,10.0,2022-12-16,4.3,Credit Card,20.0,Low,Low
Jumpsuit,29.0,2023-09-22,4.7,Cash,58.0,Low,Low
Overalls,12.0,2023-07-27,4.0,Cash,24.0,Low,Low
Pants,40.0,2023-08-03,3.6,Credit Card,80.0,Low,Low
Sun Hat,118.0,2022-11-07,4.3,Cash,236.0,Low,High
Scarf,197.0,2023-06-23,3.0,Credit Card,394.0,Low,High
Blouse,44.0,2023-05-25,4.3,Cash,88.0,Low,Low
Camisole,48.0,2023-03-09,4.8,Credit Card,96.0,Low,Low
Tank Top,65.0,2023-05-19,3.8,Cash,130.0,Low,Low
Slippers,31.0,2023-05-10,4.4,Cash,62.0,Low,Low
Jacket,163.0,2022-10-15,3.2,Cash,326.0,Low,High
Loafers,186.0,2023-07-02,3.5,Credit Card,372.0,Low,High
Swimsuit,110.0,2023-03-12,4.6,Credit Card,220.0,Low,Low
Pants,23.0,2022-11-04,3.2,Cash,46.0,Low,Low
Boots,38.0,2023-09-21,3.9,Cash,76.0,Low,Low
Tie,91.0,2022-11-10,4.1,Cash,182.0,Low,Low
Hat,149.0,2023-05-31,4.5,Cash,298.0,Low,High
Onesie,130.0,2023-08-20,4.7,Cash,260.0,Low,High
Poncho,28.0,2022-10-19,3.0,Credit Card,56.0,Low,Low
Tank Top,111.0,2022-11-16,3.8,Cash,222.0,Low,Low
Blazer,170.0,2023-06-06,4.6,Cash,340.0,Low,High
Shorts,176.0,2023-03-31,4.4,Credit Card,352.0,Low,High
Sweater,121.0,2023-01-08,4.6,Cash,242.0,Low,High
Tunic,126.0,2022-11-08,3.8,Credit Card,252.0,Low,High
Trench Coat,199.0,2023-04-01,3.8,Cash,398.0,Low,High
Umbrella,98.0,2023-07-07,4.8,Cash,196.0,Low,Low
Sun Hat,105.0,2022-11-19,4.6,Credit Card,210.0,Low,Low
Sandals,78.0,2023-05-21,3.3,Credit Card,156.0,Low,Low
Gloves,157.0,2023-09-09,3.2,Credit Card,314.0,Low,High
Coat,102.0,2023-02-06,3.8,Cash,204.0,Low,Low
Pajamas,156.0,2023-04-23,3.3,Credit Card,312.0,Low,High
Vest,19.0,2022-10-07,4.2,Cash,38.0,Low,Low
Poncho,117.0,2023-02-04,4.4,Credit Card,234.0,Low,High
Loafers,194.0,2023-03-10,4.9,Credit Card,388.0,Low,High
Tank Top,40.0,2023-03-10,4.4,Credit Card,80.0,Low,Low
Leggings,21.0,2023-02-20,4.5,Cash,42.0,Low,Low
Backpack,82.0,2023-02-06,4.7,Credit Card,164.0,Low,Low
Vest,89.0,2023-08-07,3.4,Cash,178.0,Low,Low
Pajamas,151.0,2023-10-01,4.0,Cash,302.0,Low,High
Coat,104.0,2023-07-08,3.5,Credit Card,208.0,Low,Low
Sweater,154.0,2022-12-17,4.6,Cash,308.0,Low,High
Swimsuit,199.0,2023-01-01,4.0,Cash,398.0,Low,High
Backpack,128.0,2022-11-12,3.4,Credit Card,256.0,Low,High
Belt,136.0,2023-07-05,4.1,Cash,272.0,Low,High
Loafers,187.0,2022-12-23,4.7,Credit Card,374.0,Low,High
Jumpsuit,95.0,2022-10-22,3.1,Cash,190.0,Low,Low
Jeans,198.0,2023-06-22,3.0,Credit Card,396.0,Low,High
Boots,36.0,2023-04-10,4.5,Credit Card,72.0,Low,Low
Cardigan,70.0,2023-07-07,3.8,Credit Card,140.0,Low,Low
Coat,25.0,2023-07-12,3.4,Credit Card,50.0,Low,Low
Polo Shirt,46.0,2023-04-24,3.3,Credit Card,92.0,Low,Low
Scarf,143.0,2023-08-19,3.5,Credit Card,286.0,Low,High
Sun Hat,25.0,2023-07-05,4.3,Cash,50.0,Low,Low
Dress,110.0,2023-04-20,4.1,Cash,220.0,Low,Low
Sunglasses,159.0,2023-03-24,3.3,Cash,318.0,Low,High
Onesie,90.0,2023-02-23,4.2,Cash,180.0,Low,Low
Sweater,63.0,2023-05-13,3.0,Cash,126.0,Low,Low
Hoodie,40.0,2023-08-05,3.3,Credit Card,80.0,Low,Low
Raincoat,188.0,2023-01-31,4.3,Credit Card,376.0,Low,High
Cardigan,93.0,2023-05-03,4.7,Cash,186.0,Low,Low
Trench Coat,101.0,2023-01-12,3.3,Credit Card,202.0,Low,Low
Socks,22.0,2022-10-30,3.3,Cash,44.0,Low,Low
Tunic,54.0,2023-08-07,4.9,Cash,108.0,Low,Low
Trench Coat,175.0,2023-06-17,3.5,Credit Card,350.0,Low,High
Trench Coat,29.0,2023-07-14,3.5,Cash,58.0,Low,Low
Jeans,123.0,2023-08-03,3.2,Credit Card,246.0,Low,High
Pajamas,94.0,2022-10-23,4.3,Credit Card,188.0,Low,Low
Handbag,18.0,2023-02-23,3.3,Cash,36.0,Low,Low
Jumpsuit,149.0,2023-04-13,3.0,Cash,298.0,Low,High
Romper,107.0,2022-11-22,3.1,Credit Card,214.0,Low,Low
Coat,101.0,2022-11-20,3.0,Credit Card,202.0,Low,Low
Trench Coat,134.0,2023-03-22,4.4,Credit Card,268.0,Low,High
Camisole,109.0,2023-02-20,3.4,Credit Card,218.0,Low,Low
Flip-Flops,198.0,2022-12-02,3.9,Cash,396.0,Low,High
Romper,109.0,2023-09-02,5.0,Cash,218.0,Low,Low
Pajamas,198.0,2023-03-02,4.2,Credit Card,396.0,Low,High
Boots,161.0,2023-05-22,4.9,Credit Card,322.0,Low,High
Kimono,15.0,2023-08-05,4.7,Credit Card,30.0,Low,Low
Blazer,92.0,2023-06-03,4.1,Credit Card,184.0,Low,Low
Kimono,46.0,2023-10-01,4.6,Cash,92.0,Low,Low
Skirt,144.0,2023-02-21,4.2,Cash,288.0,Low,High
Overalls,28.0,2023-03-02,3.9,Cash,56.0,Low,Low
Coat,35.0,2023-09-24,4.3,Cash,70.0,Low,Low
Swimsuit,191.0,2023-08-25,4.1,Cash,382.0,Low,High
Romper,197.0,2023-02-27,4.3,Credit Card,394.0,Low,High
Onesie,156.0,2023-07-22,4.0,Credit Card,312.0,Low,High
Bowtie,166.0,2023-07-24,4.2,Credit Card,332.0,Low,High
Shorts,94.0,2023-06-07,4.8,Cash,188.0,Low,Low
Kimono,91.0,2023-04-28,3.9,Credit Card,182.0,Low,Low
Cardigan,181.0,2023-01-02,3.0,Credit Card,362.0,Low,High
Flip-Flops,187.0,2023-09-26,3.4,Credit Card,374.0,Low,High
Swimsuit,197.0,2023-04-06,3.6,Cash,394.0,Low,High
Trench Coat,52.0,2023-01-28,4.5,Credit Card,104.0,Low,Low
Flip-Flops,136.0,2022-10-08,4.0,Cash,272.0,Low,High
Tie,125.0,2023-03-05,4.5,Cash,250.0,Low,High
Boots,167.0,2023-06-23,4.5,Credit Card,334.0,Low,High
T-shirt,52.0,2023-03-20,5.0,Credit Card,104.0,Low,Low
Pants,121.0,2022-10-28,3.8,Credit Card,242.0,Low,High
Coat,151.0,2023-04-22,4.2,Credit Card,302.0,Low,High
Sunglasses,196.0,2023-04-22,3.5,Cash,392.0,Low,High
Overalls,49.0,2022-10-24,3.9,Cash,98.0,Low,Low
Overalls,170.0,2022-11-15,3.9,Credit Card,340.0,Low,High
Skirt,39.0,2022-10-06,4.8,Cash,78.0,Low,Low
Hoodie,111.0,2023-08-17,3.3,Cash,222.0,Low,Low
Hat,179.0,2023-07-08,4.3,Credit Card,358.0,Low,High
Camisole,174.0,2023-07-29,3.2,Cash,348.0,Low,High
Skirt,57.0,2022-12-02,4.7,Credit Card,114.0,Low,Low
Vest,78.0,2023-08-01,4.9,Cash,156.0,Low,Low
Trousers,48.0,2022-12-01,3.0,Credit Card,96.0,Low,Low
Trousers,148.0,2023-01-31,4.9,Credit Card,296.0,Low,High
Loafers,160.0,2023-08-25,4.8,Cash,320.0,Low,High
Kimono,25.0,2022-10-16,3.2,Cash,50.0,Low,Low
Scarf,143.0,2022-12-14,4.3,Credit Card,286.0,Low,High
Tank Top,147.0,2023-04-06,3.7,Cash,294.0,Low,High
Poncho,131.0,2022-12-10,3.7,Cash,262.0,Low,High
Onesie,70.0,2022-10-13,3.4,Credit Card,140.0,Low,Low
Shorts,30.0,2023-08-09,4.2,Credit Card,60.0,Low,Low
Dress,142.0,2022-12-21,4.8,Cash,284.0,Low,High
Polo Shirt,183.0,2023-09-19,4.9,Credit Card,366.0,Low,High
Pants,54.0,2023-04-09,4.3,Cash,108.0,Low,Low
Handbag,52.0,2023-07-20,4.4,Credit Card,104.0,Low,Low
Scarf,59.0,2023-05-29,4.8,Cash,118.0,Low,Low
Swimsuit,151.0,2023-01-05,4.6,Cash,302.0,Low,High
Belt,80.0,2023-04-20,4.3,Cash,160.0,Low,Low
Hoodie,131.0,2023-03-15,3.0,Cash,262.0,Low,High
Jacket,46.0,2023-02-18,4.2,Cash,92.0,Low,Low
Sneakers,184.0,2023-08-20,5.0,Credit Card,368.0,Low,High
Romper,78.0,2023-03-14,4.3,Cash,156.0,Low,Low
Bowtie,15.0,2023-02-25,3.3,Cash,30.0,Low,Low
Sandals,44.0,2023-02-25,4.3,Credit Card,88.0,Low,Low
Sweater,92.0,2023-01-25,5.0,Credit Card,184.0,Low,Low
Hoodie,116.0,2023-06-22,3.4,Credit Card,232.0,Low,High
Belt,32.0,2022-11-17,3.1,Credit Card,64.0,Low,Low
Coat,24.0,2023-08-20,3.8,Cash,48.0,Low,Low
Onesie,155.0,2023-04-19,4.2,Credit Card,310.0,Low,High
Coat,24.0,2023-03-30,4.2,Cash,48.0,Low,Low
Tank Top,126.0,2023-06-30,4.9,Cash,252.0,Low,High
Sun Hat,162.0,2022-12-21,3.8,Cash,324.0,Low,High
Loafers,131.0,2022-12-26,3.9,Cash,262.0,Low,High
Jacket,76.0,2023-09-18,4.8,Credit Card,152.0,Low,Low
Camisole,186.0,2023-04-09,3.4,Cash,372.0,Low,High
Camisole,114.0,2023-03-12,3.0,Credit Card,228.0,Low,High
T-shirt,67.0,2023-01-30,4.7,Credit Card,134.0,Low,Low
Pants,88.0,2023-04-29,3.8,Credit Card,176.0,Low,Low
Pants,118.0,2023-05-05,4.8,Cash,236.0,Low,High
Umbrella,169.0,2023-05-06,4.8,Cash,338.0,Low,High
Tie,36.0,2022-10-17,3.9,Credit Card,72.0,Low,Low
Flannel Shirt,105.0,2022-10-07,3.8,Cash,210.0,Low,Low
Bowtie,133.0,2023-08-25,4.3,Credit Card,266.0,Low,High
Handbag,173.0,2023-05-05,3.6,Credit Card,346.0,Low,High
Bowtie,80.0,2023-04-27,3.0,Cash,160.0,Low,Low
Handbag,192.0,2022-10-10,4.6,Cash,384.0,Low,High
Slippers,176.0,2022-12-08,3.4,Cash,352.0,Low,High
Dress,71.0,2023-03-31,4.2,Credit Card,142.0,Low,Low
Scarf,163.0,2022-11-03,3.9,Cash,326.0,Low,High
Poncho,91.0,2023-04-07,3.2,Credit Card,182.0,Low,Low
Tank Top,85.0,2022-10-15,4.2,Credit Card,170.0,Low,Low
Polo Shirt,117.0,2022-11-07,4.5,Cash,234.0,Low,High
Jumpsuit,198.0,2023-04-11,4.7,Credit Card,396.0,Low,High
Loafers,156.0,2023-09-15,3.4,Credit Card,312.0,Low,High
Raincoat,173.0,2023-05-15,4.6,Cash,346.0,Low,High
T-shirt,130.0,2023-05-06,4.2,Cash,260.0,Low,High
Jeans,56.0,2023-03-12,4.8,Credit Card,112.0,Low,Low
Blazer,95.0,2023-05-06,3.6,Credit Card,190.0,Low,Low
Blazer,66.0,2022-10-29,3.4,Cash,132.0,Low,Low
Backpack,40.0,2022-11-02,3.2,Cash,80.0,Low,Low
Overalls,172.0,2023-04-11,3.2,Cash,344.0,Low,High
Tie,168.0,2022-12-07,3.7,Credit Card,336.0,Low,High
Raincoat,138.0,2023-02-09,4.8,Credit Card,276.0,Low,High
Polo Shirt,145.0,2022-11-09,4.0,Credit Card,290.0,Low,High
Belt,23.0,2023-01-17,3.6,Credit Card,46.0,Low,Low
Belt,134.0,2023-02-14,4.5,Cash,268.0,Low,High
Hat,24.0,2023-09-30,4.1,Credit Card,48.0,Low,Low
Polo Shirt,32.0,2023-01-19,4.1,Credit Card,64.0,Low,Low
Umbrella,13.0,2023-07-27,3.9,Credit Card,26.0,Low,Low
Belt,145.0,2022-10-29,3.5,Cash,290.0,Low,High
Tank Top,67.0,2022-12-04,3.1,Cash,134.0,Low,Low
Skirt,36.0,2022-11-11,4.0,Cash,72.0,Low,Low
Skirt,26.0,2023-06-27,4.0,Cash,52.0,Low,Low
Hoodie,86.0,2023-08-24,3.0,Cash,172.0,Low,Low
Jeans,162.0,2023-07-01,3.5,Cash,324.0,Low,High
Flip-Flops,121.0,2023-04-23,4.0,Cash,242.0,Low,High
Kimono,58.0,2023-04-27,4.7,Credit Card,116.0,Low,Low
Tunic,113.0,2023-01-19,3.6,Cash,226.0,Low,High
Skirt,15.0,2023-04-18,5.0,Credit Card,30.0,Low,Low
Handbag,53.0,2022-12-04,3.6,Credit Card,106.0,Low,Low
Trench Coat,19.0,2023-01-30,4.4,Cash,38.0,Low,Low
Dress,146.0,2023-03-16,3.4,Credit Card,292.0,Low,High
Cardigan,179.0,2023-06-12,3.0,Credit Card,358.0,Low,High
Scarf,22.0,2023-08-19,3.5,Credit Card,44.0,Low,Low
Overalls,131.0,2023-05-25,4.3,Credit Card,262.0,Low,High
Sun Hat,62.0,2023-04-22,4.4,Credit Card,124.0,Low,Low
Wallet,133.0,2023-07-17,3.2,Credit Card,266.0,Low,High
Sandals,10.0,2023-01-05,4.4,Cash,20.0,Low,Low
Boots,136.0,2023-04-04,4.6,Cash,272.0,Low,High
Pants,85.0,2022-12-14,3.4,Cash,170.0,Low,Low
Trousers,199.0,2023-01-18,3.6,Cash,398.0,Low,High
Sun Hat,94.0,2023-04-27,3.0,Cash,188.0,Low,Low
Flip-Flops,33.0,2022-10-22,4.1,Cash,66.0,Low,Low
Backpack,97.0,2023-01-05,3.2,Credit Card,194.0,Low,Low
Sweater,126.0,2022-12-09,3.7,Credit Card,252.0,Low,High
Sunglasses,108.0,2023-03-15,3.1,Cash,216.0,Low,Low
Blouse,176.0,2022-12-24,4.6,Cash,352.0,Low,High
Camisole,25.0,2023-04-12,3.6,Credit Card,50.0,Low,Low
Hat,50.0,2023-08-14,4.9,Cash,100.0,Low,Low
Flannel Shirt,183.0,2023-01-05,3.6,Cash,366.0,Low,High
Coat,166.0,2023-02-11,3.7,Cash,332.0,Low,High
Gloves,185.0,2023-05-14,4.0,Cash,370.0,Low,High
Skirt,196.0,2023-06-01,3.7,Cash,392.0,Low,High
Blouse,134.0,2023-08-16,3.3,Credit Card,268.0,Low,High
Sunglasses,13.0,2023-07-02,3.9,Credit Card,26.0,Low,Low
Vest,183.0,2023-03-24,4.5,Credit Card,366.0,Low,High
Handbag,154.0,2022-12-13,3.7,Credit Card,308.0,Low,High
Coat,189.0,2023-02-01,4.5,Credit Card,378.0,Low,High
Leggings,120.0,2023-09-18,3.6,Credit Card,240.0,Low,High
Scarf,73.0,2023-01-03,4.8,Credit Card,146.0,Low,Low
Belt,166.0,2023-02-07,3.1,Credit Card,332.0,Low,High
Jumpsuit,130.0,2022-11-04,4.1,Credit Card,260.0,Low,High
Slippers,52.0,2023-05-06,4.1,Cash,104.0,Low,Low
Jeans,137.0,2023-01-18,3.2,Cash,274.0,Low,High
Overalls,19.0,2022-11-07,3.1,Credit Card,38.0,Low,Low
Hat,177.0,2023-08-09,4.8,Credit Card,354.0,Low,High
Boots,97.0,2022-10-06,4.4,Cash,194.0,Low,Low
Backpack,23.0,2023-09-11,4.7,Credit Card,46.0,Low,Low
Gloves,126.0,2023-06-06,3.5,Cash,252.0,Low,High
Polo Shirt,193.0,2022-11-14,3.2,Credit Card,386.0,Low,High
Pajamas,172.0,2023-03-26,4.2,Credit Card,344.0,Low,High
Jumpsuit,84.0,2022-12-05,3.5,Cash,168.0,Low,Low
Sandals,105.0,2023-04-19,4.8,Cash,210.0,Low,Low
Sweater,136.0,2023-05-16,3.5,Cash,272.0,Low,High
Pants,75.0,2023-07-20,3.1,Cash,150.0,Low,Low
Handbag,65.0,2023-08-16,4.6,Cash,130.0,Low,Low
Slippers,58.0,2022-11-06,4.5,Credit Card,116.0,Low,Low
Overalls,182.0,2023-01-23,4.9,Credit Card,364.0,Low,High
Pants,11.0,2023-04-21,4.7,Cash,22.0,Low,Low
Cardigan,22.0,2023-02-24,5.0,Cash,44.0,Low,Low
Sandals,120.0,2023-02-04,4.6,Cash,240.0,Low,High
Hoodie,55.0,2023-09-11,3.4,Credit Card,110.0,Low,Low
Kimono,42.0,2023-01-04,3.4,Credit Card,84.0,Low,Low
Skirt,117.0,2022-12-06,3.9,Cash,234.0,Low,High
Kimono,187.0,2023-06-11,3.0,Credit Card,374.0,Low,High
Jeans,80.0,2023-05-20,4.2,Credit Card,160.0,Low,Low
Handbag,189.0,2023-01-14,4.7,Credit Card,378.0,Low,High
Jacket,141.0,2022-11-09,3.2,Credit Card,282.0,Low,High
Scarf,189.0,2023-05-02,4.0,Cash,378.0,Low,High
Umbrella,90.0,2023-06-18,3.3,Cash,180.0,Low,Low
Handbag,98.0,2023-04-25,4.3,Cash,196.0,Low,Low
Hat,55.0,2022-10-16,3.5,Cash,110.0,Low,Low
T-shirt,191.0,2022-10-03,3.9,Cash,382.0,Low,High
Wallet,132.0,2023-07-14,4.3,Cash,264.0,Low,High
Sunglasses,180.0,2023-04-05,3.8,Cash,360.0,Low,High
Shorts,143.0,2022-10-19,4.4,Credit Card,286.0,Low,High
Loafers,184.0,2023-08-17,3.9,Cash,368.0,Low,High
Polo Shirt,25.0,2023-06-16,3.1,Cash,50.0,Low,Low
T-shirt,85.0,2023-03-06,3.4,Credit Card,170.0,Low,Low
Coat,148.0,2022-12-10,3.3,Credit Card,296.0,Low,High
Poncho,36.0,2023-02-26,3.4,Credit Card,72.0,Low,Low
Loafers,140.0,2023-06-01,3.4,Credit Card,280.0,Low,High
Jeans,188.0,2023-09-29,4.2,Cash,376.0,Low,High
Trench Coat,185.0,2023-06-12,4.2,Credit Card,370.0,Low,High
Scarf,61.0,2023-09-12,3.2,Cash,122.0,Low,Low
Swimsuit,123.0,2023-08-29,3.6,Cash,246.0,Low,High
Shorts,172.0,2023-05-12,4.3,Credit Card,344.0,Low,High
Jeans,160.0,2023-04-07,4.5,Credit Card,320.0,Low,High
Gloves,59.0,2023-05-09,3.2,Credit Card,118.0,Low,Low
Onesie,77.0,2023-05-10,4.2,Credit Card,154.0,Low,Low
Backpack,162.0,2023-04-27,5.0,Credit Card,324.0,Low,High
Trench Coat,91.0,2023-04-26,4.0,Cash,182.0,Low,Low
Vest,57.0,2023-02-13,3.3,Cash,114.0,Low,Low
Umbrella,64.0,2023-05-19,4.1,Credit Card,128.0,Low,Low
Romper,94.0,2023-02-15,3.4,Cash,188.0,Low,Low
Sneakers,65.0,2023-03-12,5.0,Credit Card,130.0,Low,Low
Vest,168.0,2023-08-02,3.7,Cash,336.0,Low,High
Skirt,153.0,2023-06-07,3.0,Credit Card,306.0,Low,High
Slippers,124.0,2023-01-16,3.7,Cash,248.0,Low,High
Coat,169.0,2023-06-26,4.1,Credit Card,338.0,Low,High
Scarf,20.0,2023-01-21,4.3,Cash,40.0,Low,Low
Camisole,92.0,2023-07-29,3.5,Credit Card,184.0,Low,Low
Sneakers,176.0,2023-09-29,3.1,Credit Card,352.0,Low,High
Sunglasses,118.0,2023-05-08,3.5,Cash,236.0,Low,High
Handbag,199.0,2023-08-15,3.2,Cash,398.0,Low,High
Jacket,175.0,2023-03-12,4.1,Credit Card,350.0,Low,High
Coat,49.0,2022-10-09,3.5,Credit Card,98.0,Low,Low
Raincoat,109.0,2023-01-20,3.0,Credit Card,218.0,Low,Low
Vest,146.0,2022-12-06,3.1,Cash,292.0,Low,High
Belt,101.0,2023-04-15,3.5,Credit Card,202.0,Low,Low
Raincoat,185.0,2022-12-07,3.7,Credit Card,370.0,Low,High
Scarf,179.0,2023-07-09,3.9,Cash,358.0,Low,High
Swimsuit,110.0,2023-07-02,4.1,Cash,220.0,Low,Low
Jumpsuit,172.0,2022-11-09,4.3,Credit Card,344.0,Low,High
T-shirt,12.0,2023-03-19,4.0,Cash,24.0,Low,Low
Trousers,31.0,2023-01-26,4.6,Cash,62.0,Low,Low
Sun Hat,74.0,2023-01-03,4.7,Credit Card,148.0,Low,Low
Wallet,27.0,2023-03-04,3.8,Credit Card,54.0,Low,Low
Tie,49.0,2023-03-25,3.1,Cash,98.0,Low,Low
Umbrella,103.0,2023-04-23,4.1,Credit Card,206.0,Low,Low
Tunic,119.0,2023-05-26,3.4,Credit Card,238.0,Low,High
Sweater,132.0,2023-06-15,4.8,Credit Card,264.0,Low,High
Kimono,101.0,2023-06-28,3.4,Cash,202.0,Low,Low
Kimono,134.0,2022-12-13,4.0,Credit Card,268.0,Low,High
Sneakers,30.0,2023-01-14,3.0,Cash,60.0,Low,Low
Tie,45.0,2023-05-20,3.2,Cash,90.0,Low,Low
Shorts,60.0,2023-06-28,4.6,Cash,120.0,Low,Low
Slippers,158.0,2023-03-19,4.7,Cash,316.0,Low,High
Boots,19.0,2023-07-08,3.8,Credit Card,38.0,Low,Low
Sunglasses,84.0,2023-04-16,4.2,Cash,168.0,Low,Low
Cardigan,138.0,2023-01-12,3.1,Credit Card,276.0,Low,High
Dress,154.0,2023-04-25,3.9,Cash,308.0,Low,High
Trousers,47.0,2023-03-07,3.4,Credit Card,94.0,Low,Low
Onesie,77.0,2023-07-03,3.8,Cash,154.0,Low,Low
Camisole,102.0,2022-10-14,4.3,Cash,204.0,Low,Low
Blazer,126.0,2023-09-14,4.1,Cash,252.0,Low,High
Sneakers,20.0,2023-03-17,3.0,Cash,40.0,Low,Low
Vest,199.0,2023-05-17,4.1,Cash,398.0,Low,High
Jumpsuit,103.0,2023-07-19,5.0,Cash,206.0,Low,Low
Kimono,106.0,2023-01-08,4.5,Cash,212.0,Low,Low
Blazer,133.0,2022-10-03,4.0,Credit Card,266.0,Low,High
Shorts,64.0,2023-04-22,3.3,Cash,128.0,Low,Low
Skirt,40.0,2023-07-07,3.5,Credit Card,80.0,Low,Low
Jeans,116.0,2022-11-01,4.3,Credit Card,232.0,Low,High
Gloves,194.0,2023-07-22,4.9,Cash,388.0,Low,High
T-shirt,132.0,2023-05-03,4.2,Credit Card,264.0,Low,High
Blouse,51.0,2022-11-13,4.1,Cash,102.0,Low,Low
Socks,142.0,2023-03-14,3.0,Cash,284.0,Low,High
Camisole,163.0,2023-05-20,3.3,Cash,326.0,Low,High
T-shirt,179.0,2023-04-28,3.9,Cash,358.0,Low,High
Sandals,133.0,2023-06-14,3.3,Cash,266.0,Low,High
Shorts,163.0,2023-06-26,4.2,Cash,326.0,Low,High
Blazer,56.0,2023-03-16,3.6,Cash,112.0,Low,Low
Jacket,140.0,2023-03-18,4.0,Credit Card,280.0,Low,High
Sandals,195.0,2023-04-03,4.0,Credit Card,390.0,Low,High
Flip-Flops,108.0,2022-11-22,3.3,Cash,216.0,Low,Low
Tank Top,139.0,2023-05-30,4.1,Credit Card,278.0,Low,High
Coat,48.0,2023-05-10,3.3,Cash,96.0,Low,Low
Blouse,55.0,2023-02-19,4.4,Credit Card,110.0,Low,Low
Slippers,167.0,2022-10-04,4.6,Credit Card,334.0,Low,High
Overalls,146.0,2022-10-05,4.4,Credit Card,292.0,Low,High
Leggings,164.0,2023-06-27,3.3,Cash,328.0,Low,High
Handbag,119.0,2023-06-30,4.6,Credit Card,238.0,Low,High
Wallet,107.0,2023-02-28,3.2,Credit Card,214.0,Low,Low
Flannel Shirt,118.0,2023-04-02,4.6,Credit Card,236.0,Low,High
Sunglasses,69.0,2023-05-02,3.6,Cash,138.0,Low,Low
Leggings,11.0,2022-11-25,4.9,Credit Card,22.0,Low,Low
Jumpsuit,40.0,2022-12-19,3.3,Cash,80.0,Low,Low
Onesie,186.0,2023-02-10,4.1,Cash,372.0,Low,High
Gloves,114.0,2023-03-05,4.1,Credit Card,228.0,Low,High
Jumpsuit,147.0,2023-06-21,3.3,Cash,294.0,Low,High
Cardigan,103.0,2023-07-30,3.5,Credit Card,206.0,Low,Low
Hoodie,62.0,2023-05-31,4.2,Credit Card,124.0,Low,Low
Sun Hat,104.0,2022-10-04,4.5,Cash,208.0,Low,Low
Boots,133.0,2022-12-14,4.2,Credit Card,266.0,Low,High
Poncho,45.0,2023-06-29,4.1,Cash,90.0,Low,Low
Jacket,35.0,2022-10-10,4.4,Credit Card,70.0,Low,Low
Scarf,185.0,2023-03-13,3.1,Credit Card,370.0,Low,High
T-shirt,51.0,2023-05-30,4.6,Credit Card,102.0,Low,Low
Wallet,172.0,2022-10-23,5.0,Credit Card,344.0,Low,High
Socks,121.0,2023-02-04,3.4,Cash,242.0,Low,High
Blouse,10.0,2023-07-05,3.7,Credit Card,20.0,Low,Low
Pajamas,111.0,2023-01-24,3.9,Credit Card,222.0,Low,Low
Bowtie,61.0,2022-10-17,4.7,Credit Card,122.0,Low,Low
Flip-Flops,198.0,2023-08-09,4.9,Credit Card,396.0,Low,High
Trench Coat,33.0,2023-02-21,4.7,Credit Card,66.0,Low,Low
Vest,80.0,2023-02-16,3.7,Cash,160.0,Low,Low
Socks,59.0,2023-09-09,4.9,Credit Card,118.0,Low,Low
Coat,153.0,2023-05-11,4.7,Cash,306.0,Low,High
Backpack,157.0,2023-06-02,5.0,Cash,314.0,Low,High
Skirt,123.0,2023-08-03,3.7,Credit Card,246.0,Low,High
Poncho,160.0,2022-12-10,4.9,Credit Card,320.0,Low,High
Overalls,66.0,2023-07-13,4.6,Cash,132.0,Low,Low
Sneakers,115.0,2022-11-27,3.9,Credit Card,230.0,Low,High
Jeans,142.0,2023-01-17,3.3,Cash,284.0,Low,High
Sandals,131.0,2022-10-08,3.7,Cash,262.0,Low,High
Sun Hat,78.0,2023-03-13,4.7,Cash,156.0,Low,Low
Raincoat,58.0,2023-05-27,3.1,Credit Card,116.0,Low,Low
Scarf,71.0,2023-04-01,3.6,Cash,142.0,Low,Low
Pants,62.0,2023-04-13,4.6,Credit Card,124.0,Low,Low
Vest,73.0,2023-09-20,4.3,Credit Card,146.0,Low,Low
Trousers,183.0,2022-10-09,3.0,Cash,366.0,Low,High
Sweater,136.0,2023-07-22,3.4,Credit Card,272.0,Low,High
Sneakers,133.0,2023-06-14,4.5,Credit Card,266.0,Low,High
Swimsuit,90.0,2023-08-25,4.5,Credit Card,180.0,Low,Low
Pajamas,140.0,2023-02-07,4.0,Credit Card,280.0,Low,High
Belt,42.0,2022-10-11,3.4,Credit Card,84.0,Low,Low
Cardigan,132.0,2023-07-28,5.0,Cash,264.0,Low,High
Socks,18.0,2023-08-19,3.8,Credit Card,36.0,Low,Low
Vest,110.0,2023-07-09,4.8,Cash,220.0,Low,Low
Belt,76.0,2023-02-07,5.0,Cash,152.0,Low,Low
Sweater,166.0,2023-08-31,5.0,Cash,332.0,Low,High
Backpack,57.0,2022-10-24,3.7,Credit Card,114.0,Low,Low
Gloves,112.0,2023-04-01,4.7,Credit Card,224.0,Low,High
Sneakers,107.0,2023-06-25,4.1,Cash,214.0,Low,Low
Skirt,55.0,2023-05-29,4.6,Credit Card,110.0,Low,Low
Flip-Flops,194.0,2022-12-19,3.9,Cash,388.0,Low,High
Tank Top,134.0,2022-10-22,3.2,Cash,268.0,Low,High
Romper,153.0,2023-01-26,3.4,Credit Card,306.0,Low,High
Vest,22.0,2022-11-20,3.0,Credit Card,44.0,Low,Low
Skirt,75.0,2023-09-07,3.0,Credit Card,150.0,Low,Low
Gloves,171.0,2023-05-25,3.6,Cash,342.0,Low,High
Sneakers,153.0,2023-07-01,4.7,Cash,306.0,Low,High
Romper,182.0,2023-03-09,4.9,Cash,364.0,Low,High
Cardigan,30.0,2023-06-21,4.9,Cash,60.0,Low,Low
Camisole,83.0,2023-05-07,3.1,Credit Card,166.0,Low,Low
Skirt,173.0,2023-09-18,4.7,Credit Card,346.0,Low,High
Hat,96.0,2023-06-26,3.9,Credit Card,192.0,Low,Low
Trench Coat,166.0,2022-12-22,4.3,Credit Card,332.0,Low,High
Tank Top,28.0,2023-01-13,3.3,Cash,56.0,Low,Low
Onesie,90.0,2023-06-15,3.1,Cash,180.0,Low,Low
Blazer,164.0,2022-12-07,3.7,Credit Card,328.0,Low,High
Boots,102.0,2023-03-14,4.5,Cash,204.0,Low,Low
Coat,143.0,2023-08-26,4.5,Cash,286.0,Low,High
Trousers,30.0,2022-11-25,4.4,Cash,60.0,Low,Low
Wallet,150.0,2023-02-04,3.4,Credit Card,300.0,Low,High
Belt,144.0,2023-01-22,3.7,Credit Card,288.0,Low,High
Trousers,31.0,2022-12-27,4.4,Credit Card,62.0,Low,Low
Hat,31.0,2022-10-17,4.8,Credit Card,62.0,Low,Low
Sandals,109.0,2023-08-27,4.6,Credit Card,218.0,Low,Low
Umbrella,43.0,2023-04-12,4.7,Credit Card,86.0,Low,Low
Tunic,53.0,2023-08-16,4.0,Cash,106.0,Low,Low
Loafers,93.0,2022-12-25,4.8,Cash,186.0,Low,Low
Raincoat,129.0,2023-05-25,4.9,Cash,258.0,Low,High
Onesie,148.0,2023-05-05,4.8,Cash,296.0,Low,High
Slippers,150.0,2023-06-05,3.8,Cash,300.0,Low,High
T-shirt,188.0,2023-02-28,3.4,Cash,376.0,Low,High
Boots,171.0,2023-01-17,4.8,Credit Card,342.0,Low,High
Onesie,154.0,2022-11-21,3.8,Credit Card,308.0,Low,High
Dress,89.0,2023-01-08,3.1,Cash,178.0,Low,Low
Jeans,133.0,2023-09-25,4.8,Credit Card,266.0,Low,High
Umbrella,103.0,2023-04-16,3.0,Cash,206.0,Low,Low
Cardigan,49.0,2023-04-26,4.3,Cash,98.0,Low,Low
Trench Coat,130.0,2023-01-19,3.0,Credit Card,260.0,Low,High
Coat,186.0,2023-09-03,4.7,Credit Card,372.0,Low,High
Jumpsuit,162.0,2022-11-15,3.8,Credit Card,324.0,Low,High
Poncho,118.0,2022-12-17,4.3,Credit Card,236.0,Low,High
Raincoat,142.0,2023-03-01,4.4,Credit Card,284.0,Low,High
Sandals,185.0,2023-04-15,4.4,Credit Card,370.0,Low,High
Sandals,27.0,2023-07-17,3.8,Credit Card,54.0,Low,Low
Overalls,173.0,2023-05-02,4.2,Credit Card,346.0,Low,High
Blazer,92.0,2023-08-01,4.8,Cash,184.0,Low,Low
Wallet,193.0,2022-12-09,4.4,Credit Card,386.0,Low,High
Loafers,12.0,2023-05-25,4.4,Credit Card,24.0,Low,Low
Sneakers,117.0,2023-09-01,4.2,Cash,234.0,Low,High
Flannel Shirt,128.0,2022-12-01,4.1,Credit Card,256.0,Low,High
Camisole,18.0,2023-05-20,4.2,Credit Card,36.0,Low,Low
Tie,56.0,2022-10-15,4.0,Credit Card,112.0,Low,Low
Wallet,107.0,2022-12-28,3.4,Cash,214.0,Low,Low
Pants,41.0,2023-01-26,4.2,Credit Card,82.0,Low,Low
Raincoat,192.0,2023-05-31,3.9,Credit Card,384.0,Low,High
Jeans,18.0,2023-07-22,4.8,Cash,36.0,Low,Low
Tank Top,184.0,2023-05-09,4.5,Credit Card,368.0,Low,High
Scarf,200.0,2023-07-06,3.6,Credit Card,400.0,Low,High
Poncho,143.0,2023-08-19,4.8,Cash,286.0,Low,High
Socks,86.0,2023-05-19,4.3,Cash,172.0,Low,Low
Handbag,52.0,2023-05-28,3.5,Credit Card,104.0,Low,Low
Bowtie,12.0,2023-03-16,3.1,Credit Card,24.0,Low,Low
Flannel Shirt,158.0,2023-09-27,3.3,Cash,316.0,Low,High
Hat,131.0,2023-02-11,3.0,Credit Card,262.0,Low,High
Sandals,49.0,2022-11-07,4.4,Cash,98.0,Low,Low
Raincoat,137.0,2023-05-17,3.5,Credit Card,274.0,Low,High
Tie,49.0,2023-03-11,3.1,Credit Card,98.0,Low,Low
Socks,152.0,2023-06-27,3.1,Credit Card,304.0,Low,High
Slippers,122.0,2023-07-07,4.3,Cash,244.0,Low,High
Raincoat,197.0,2022-11-04,3.9,Cash,394.0,Low,High
Kimono,125.0,2023-03-15,4.1,Credit Card,250.0,Low,High
Pants,126.0,2023-08-06,4.0,Cash,252.0,Low,High
Pants,14.0,2023-07-26,4.8,Cash,28.0,Low,Low
Flannel Shirt,103.0,2023-03-05,3.5,Credit Card,206.0,Low,Low
Cardigan,71.0,2023-04-09,4.1,Credit Card,142.0,Low,Low
Sun Hat,147.0,2023-08-09,3.2,Cash,294.0,Low,High
Cardigan,27.0,2023-01-17,3.6,Cash,54.0,Low,Low
Dress,61.0,2023-07-10,3.3,Cash,122.0,Low,Low
Shorts,109.0,2023-01-15,3.6,Cash,218.0,Low,Low
Sweater,144.0,2023-06-27,3.6,Credit Card,288.0,Low,High
Kimono,161.0,2022-10-13,3.2,Credit Card,322.0,Low,High
T-shirt,193.0,2022-10-10,3.8,Credit Card,386.0,Low,High
T-shirt,173.0,2022-11-11,3.0,Cash,346.0,Low,High
Sun Hat,34.0,2023-08-21,4.4,Cash,68.0,Low,Low
Sneakers,73.0,2023-08-21,4.6,Credit Card,146.0,Low,Low
Pants,55.0,2023-03-21,3.1,Credit Card,110.0,Low,Low
Socks,37.0,2023-07-09,4.6,Credit Card,74.0,Low,Low
Belt,157.0,2023-07-08,3.3,Cash,314.0,Low,High
Slippers,127.0,2022-11-22,4.7,Credit Card,254.0,Low,High
Cardigan,52.0,2023-07-19,4.0,Credit Card,104.0,Low,Low
Onesie,146.0,2023-06-26,4.5,Credit Card,292.0,Low,High
Umbrella,93.0,2023-09-02,3.4,Credit Card,186.0,Low,Low
Handbag,115.0,2022-11-21,4.5,Credit Card,230.0,Low,High
Pajamas,120.0,2023-06-20,3.0,Cash,240.0,Low,High
Vest,154.0,2022-10-15,4.0,Credit Card,308.0,Low,High
Belt,87.0,2022-12-01,4.7,Credit Card,174.0,Low,Low
Leggings,64.0,2023-05-22,3.3,Credit Card,128.0,Low,Low
Umbrella,151.0,2023-01-22,3.9,Credit Card,302.0,Low,High
Jumpsuit,156.0,2023-06-05,4.5,Credit Card,312.0,Low,High
Blouse,49.0,2023-07-13,3.9,Credit Card,98.0,Low,Low
Blazer,33.0,2023-08-08,3.9,Credit Card,66.0,Low,Low
Blazer,155.0,2023-01-28,3.4,Credit Card,310.0,Low,High
Sunglasses,133.0,2023-09-28,3.4,Credit Card,266.0,Low,High
Belt,107.0,2023-08-09,3.8,Cash,214.0,Low,Low
Flannel Shirt,99.0,2023-02-03,4.0,Cash,198.0,Low,Low
Trench Coat,164.0,2023-06-10,3.9,Cash,328.0,Low,High
Umbrella,172.0,2023-03-18,3.9,Credit Card,344.0,Low,High
Romper,107.0,2023-05-25,4.7,Credit Card,214.0,Low,Low
Overalls,91.0,2023-08-12,3.5,Cash,182.0,Low,Low
Overalls,22.0,2023-01-25,3.1,Credit Card,44.0,Low,Low
Tie,162.0,2023-03-24,4.2,Credit Card,324.0,Low,High
Hoodie,77.0,2023-01-30,4.9,Credit Card,154.0,Low,Low
Blouse,188.0,2022-12-28,4.4,Credit Card,376.0,Low,High
Boots,134.0,2022-11-22,4.4,Credit Card,268.0,Low,High
Blouse,72.0,2023-08-21,3.4,Credit Card,144.0,Low,Low
Wallet,123.0,2022-11-18,4.6,Cash,246.0,Low,High
Sweater,47.0,2023-02-19,4.4,Credit Card,94.0,Low,Low
Skirt,38.0,2023-02-13,3.6,Credit Card,76.0,Low,Low
Skirt,147.0,2023-04-08,3.7,Cash,294.0,Low,High
Tank Top,46.0,2022-11-24,4.6,Cash,92.0,Low,Low
Trousers,181.0,2022-11-10,3.0,Credit Card,362.0,Low,High
Shorts,179.0,2022-11-03,4.6,Cash,358.0,Low,High
Tank Top,178.0,2023-01-26,3.2,Cash,356.0,Low,High
Scarf,37.0,2023-08-29,4.2,Credit Card,74.0,Low,Low
Sun Hat,107.0,2023-01-11,4.2,Credit Card,214.0,Low,Low
Gloves,57.0,2022-11-29,3.1,Cash,114.0,Low,Low
Handbag,153.0,2023-08-19,3.7,Credit Card,306.0,Low,High
Handbag,88.0,2023-08-06,4.9,Cash,176.0,Low,Low
Jacket,81.0,2023-07-04,4.2,Cash,162.0,Low,Low
T-shirt,97.0,2022-10-29,3.8,Cash,194.0,Low,Low
Shorts,143.0,2023-08-25,3.1,Cash,286.0,Low,High
Skirt,164.0,2023-05-08,3.7,Cash,328.0,Low,High
Vest,89.0,2023-06-01,4.3,Cash,178.0,Low,Low
Shorts,120.0,2023-03-01,3.1,Cash,240.0,Low,High
Blazer,47.0,2022-10-14,3.8,Credit Card,94.0,Low,Low
Boots,194.0,2023-03-03,3.4,Cash,388.0,Low,High
Flip-Flops,91.0,2023-05-11,3.7,Credit Card,182.0,Low,Low
Wallet,173.0,2023-08-11,3.3,Cash,346.0,Low,High
Flip-Flops,80.0,2023-03-14,4.8,Credit Card,160.0,Low,Low
Jeans,167.0,2023-09-05,5.0,Cash,334.0,Low,High
Poncho,185.0,2023-04-01,3.0,Credit Card,370.0,Low,High
Trench Coat,164.0,2023-05-21,5.0,Credit Card,328.0,Low,High
Poncho,176.0,2023-09-28,3.6,Cash,352.0,Low,High
Tank Top,109.0,2022-12-23,3.4,Cash,218.0,Low,Low
Polo Shirt,45.0,2023-08-05,4.3,Cash,90.0,Low,Low
Kimono,135.0,2023-04-21,4.9,Credit Card,270.0,Low,High
Swimsuit,127.0,2023-07-15,3.4,Credit Card,254.0,Low,High
Wallet,119.0,2023-01-16,4.6,Cash,238.0,Low,High
Pajamas,110.0,2022-12-10,4.6,Credit Card,220.0,Low,Low
Skirt,147.0,2022-11-16,3.6,Cash,294.0,Low,High
Tie,143.0,2023-07-15,3.1,Credit Card,286.0,Low,High
Cardigan,111.0,2023-03-06,3.7,Cash,222.0,Low,Low
Shorts,142.0,2022-12-24,3.5,Cash,284.0,Low,High
T-shirt,87.0,2022-12-30,4.2,Credit Card,174.0,Low,Low
Slippers,83.0,2023-03-04,3.7,Credit Card,166.0,Low,Low
Blazer,118.0,2022-11-17,3.3,Credit Card,236.0,Low,High
Dress,23.0,2023-04-12,4.5,Credit Card,46.0,Low,Low
Wallet,194.0,2023-07-10,4.9,Cash,388.0,Low,High
Flip-Flops,56.0,2023-03-28,3.2,Cash,112.0,Low,Low
Bowtie,188.0,2023-08-18,4.9,Credit Card,376.0,Low,High
Dress,110.0,2023-02-09,3.0,Cash,220.0,Low,Low
Raincoat,125.0,2023-07-04,4.4,Credit Card,250.0,Low,High
Camisole,126.0,2023-05-11,4.0,Credit Card,252.0,Low,High
Sneakers,176.0,2022-10-14,3.1,Cash,352.0,Low,High
T-shirt,51.0,2023-05-28,3.3,Credit Card,102.0,Low,Low
Coat,41.0,2023-01-16,3.0,Cash,82.0,Low,Low
Trench Coat,172.0,2023-02-28,4.2,Credit Card,344.0,Low,High
Romper,50.0,2023-02-09,4.4,Credit Card,100.0,Low,Low
Jacket,178.0,2023-03-27,4.6,Credit Card,356.0,Low,High
Hat,51.0,2023-08-21,3.4,Credit Card,102.0,Low,Low
Backpack,55.0,2023-07-22,3.4,Credit Card,110.0,Low,Low
Pants,23.0,2023-04-02,4.6,Credit Card,46.0,Low,Low
Raincoat,89.0,2023-07-07,3.9,Credit Card,178.0,Low,Low
Backpack,124.0,2023-02-24,4.8,Cash,248.0,Low,High
Camisole,56.0,2023-08-30,4.4,Credit Card,112.0,Low,Low
Overalls,169.0,2023-06-08,3.9,Cash,338.0,Low,High
Romper,13.0,2023-02-16,4.2,Credit Card,26.0,Low,Low
Tunic,136.0,2023-05-07,3.6,Cash,272.0,Low,High
Blazer,126.0,2023-05-16,3.8,Credit Card,252.0,Low,High
Backpack,150.0,2022-10-08,3.3,Cash,300.0,Low,High
Onesie,170.0,2022-12-23,3.6,Credit Card,340.0,Low,High
Wallet,19.0,2023-09-07,3.4,Credit Card,38.0,Low,Low
Sandals,179.0,2022-11-21,4.9,Cash,358.0,Low,High
Blouse,162.0,2023-01-26,4.0,Cash,324.0,Low,High
Slippers,158.0,2023-09-08,3.3,Credit Card,316.0,Low,High
Slippers,104.0,2023-09-24,3.5,Cash,208.0,Low,Low
Dress,41.0,2023-02-09,3.3,Credit Card,82.0,Low,Low
Jeans,80.0,2023-07-16,3.5,Credit Card,160.0,Low,Low
Gloves,24.0,2023-06-08,3.3,Credit Card,48.0,Low,Low
Wallet,171.0,2023-02-26,4.0,Credit Card,342.0,Low,High
Skirt,32.0,2022-10-15,4.3,Cash,64.0,Low,Low
Kimono,186.0,2022-12-06,4.5,Credit Card,372.0,Low,High
Onesie,165.0,2022-12-05,3.9,Credit Card,330.0,Low,High
Gloves,43.0,2023-02-26,3.2,Credit Card,86.0,Low,Low
Camisole,171.0,2023-08-24,4.3,Credit Card,342.0,Low,High
Skirt,69.0,2023-01-13,4.6,Credit Card,138.0,Low,Low
Shorts,82.0,2023-04-16,4.0,Credit Card,164.0,Low,Low
Poncho,139.0,2023-01-05,3.2,Cash,278.0,Low,High
Jacket,11.0,2022-11-30,3.5,Cash,22.0,Low,Low
Tunic,111.0,2023-01-06,4.5,Credit Card,222.0,Low,Low
Swimsuit,167.0,2023-05-02,3.2,Cash,334.0,Low,High
Jeans,182.0,2023-05-25,3.1,Credit Card,364.0,Low,High
Hat,131.0,2022-12-04,4.1,Credit Card,262.0,Low,High
Leggings,175.0,2023-08-05,3.5,Cash,350.0,Low,High
Bowtie,147.0,2023-05-01,3.2,Cash,294.0,Low,High
Sun Hat,183.0,2023-03-11,4.6,Cash,366.0,Low,High
Sandals,94.0,2023-02-21,3.6,Credit Card,188.0,Low,Low
Kimono,100.0,2022-12-30,3.5,Credit Card,200.0,Low,Low
Gloves,170.0,2022-12-09,3.8,Credit Card,340.0,Low,High
Socks,52.0,2023-09-15,3.8,Cash,104.0,Low,Low
Flannel Shirt,88.0,2023-08-12,3.2,Cash,176.0,Low,Low
Socks,90.0,2023-07-30,4.2,Cash,180.0,Low,Low
Slippers,137.0,2022-10-22,3.8,Cash,274.0,Low,High
Jeans,105.0,2022-11-08,3.1,Cash,210.0,Low,Low
Scarf,19.0,2023-07-12,3.6,Cash,38.0,Low,Low
Blouse,16.0,2023-05-05,3.3,Cash,32.0,Low,Low
Jumpsuit,133.0,2023-08-14,4.1,Cash,266.0,Low,High
Tie,144.0,2022-10-10,3.2,Credit Card,288.0,Low,High
Sunglasses,93.0,2022-11-19,3.0,Credit Card,186.0,Low,Low
Kimono,21.0,2023-04-26,4.2,Cash,42.0,Low,Low
Scarf,200.0,2023-02-19,4.4,Credit Card,400.0,Low,High
Sunglasses,157.0,2023-03-01,4.2,Credit Card,314.0,Low,High
Onesie,173.0,2022-10-15,4.1,Cash,346.0,Low,High
Raincoat,83.0,2022-12-25,3.8,Cash,166.0,Low,Low
Jacket,13.0,2023-05-24,3.7,Credit Card,26.0,Low,Low
Handbag,150.0,2023-04-04,4.2,Cash,300.0,Low,High
Pajamas,46.0,2023-05-12,4.5,Credit Card,92.0,Low,Low
Sunglasses,53.0,2022-12-12,4.1,Credit Card,106.0,Low,Low
Skirt,182.0,2023-04-16,4.8,Credit Card,364.0,Low,High
Gloves,55.0,2022-12-06,4.9,Credit Card,110.0,Low,Low
Loafers,186.0,2023-01-21,3.1,Credit Card,372.0,Low,High
Polo Shirt,167.0,2022-11-05,3.8,Credit Card,334.0,Low,High
Gloves,146.0,2023-04-02,4.8,Cash,292.0,Low,High
Coat,129.0,2023-07-27,4.7,Credit Card,258.0,Low,High
Flip-Flops,93.0,2023-04-12,4.9,Cash,186.0,Low,Low
Flip-Flops,53.0,2023-08-09,4.0,Cash,106.0,Low,Low
Sweater,99.0,2022-10-25,4.5,Cash,198.0,Low,Low
Polo Shirt,42.0,2022-10-15,4.0,Cash,84.0,Low,Low
